series,kernel,tier,pair,side,sample,wall_ns
store,dense-array,interpreter,pair1,after,0,68210792
store,dense-array,interpreter,pair1,after,1,67911125
store,dense-array,interpreter,pair1,after,2,68115833
store,dense-array,interpreter,pair1,after,3,68206667
store,dense-array,interpreter,pair1,after,4,69489709
store,dense-array,interpreter,pair1,after,5,69337959
store,dense-array,interpreter,pair1,after,6,68481250
store,dense-array,interpreter,pair1,after,7,68026416
store,dense-array,interpreter,pair1,after,8,68020209
store,dense-array,interpreter,pair1,after,9,68876167
store,dense-array,interpreter,pair1,after,10,68233000
store,dense-array,interpreter,pair1,after,11,68147791
store,dense-array,interpreter,pair1,after,12,68178875
store,dense-array,interpreter,pair1,after,13,68186875
store,dense-array,interpreter,pair1,after,14,68185834
store,dense-array,interpreter,pair1,after,15,68081459
store,dense-array,interpreter,pair1,after,16,68111417
store,dense-array,interpreter,pair1,after,17,68206209
store,dense-array,interpreter,pair1,after,18,68219375
store,dense-array,interpreter,pair1,after,19,68409583
store,dense-array,interpreter,pair1,before,0,67839709
store,dense-array,interpreter,pair1,before,1,67982667
store,dense-array,interpreter,pair1,before,2,67802333
store,dense-array,interpreter,pair1,before,3,67813292
store,dense-array,interpreter,pair1,before,4,67874000
store,dense-array,interpreter,pair1,before,5,67948167
store,dense-array,interpreter,pair1,before,6,68088208
store,dense-array,interpreter,pair1,before,7,67907750
store,dense-array,interpreter,pair1,before,8,67826209
store,dense-array,interpreter,pair1,before,9,67840041
store,dense-array,interpreter,pair1,before,10,68813083
store,dense-array,interpreter,pair1,before,11,67805416
store,dense-array,interpreter,pair1,before,12,67925417
store,dense-array,interpreter,pair1,before,13,67967583
store,dense-array,interpreter,pair1,before,14,67847875
store,dense-array,interpreter,pair1,before,15,67886000
store,dense-array,interpreter,pair1,before,16,67852250
store,dense-array,interpreter,pair1,before,17,67846791
store,dense-array,interpreter,pair1,before,18,67877291
store,dense-array,interpreter,pair1,before,19,67925958
store,dense-array,interpreter,pair2,after,0,68057292
store,dense-array,interpreter,pair2,after,1,68012625
store,dense-array,interpreter,pair2,after,2,68013292
store,dense-array,interpreter,pair2,after,3,68479791
store,dense-array,interpreter,pair2,after,4,68192167
store,dense-array,interpreter,pair2,after,5,68133875
store,dense-array,interpreter,pair2,after,6,68143458
store,dense-array,interpreter,pair2,after,7,68205167
store,dense-array,interpreter,pair2,after,8,68947542
store,dense-array,interpreter,pair2,after,9,68047209
store,dense-array,interpreter,pair2,after,10,67971792
store,dense-array,interpreter,pair2,after,11,67977041
store,dense-array,interpreter,pair2,after,12,68027958
store,dense-array,interpreter,pair2,after,13,68202125
store,dense-array,interpreter,pair2,after,14,68043041
store,dense-array,interpreter,pair2,after,15,67969500
store,dense-array,interpreter,pair2,after,16,68032500
store,dense-array,interpreter,pair2,after,17,68019750
store,dense-array,interpreter,pair2,after,18,68284375
store,dense-array,interpreter,pair2,after,19,68013250
store,dense-array,interpreter,pair2,before,0,67631375
store,dense-array,interpreter,pair2,before,1,68059667
store,dense-array,interpreter,pair2,before,2,67554667
store,dense-array,interpreter,pair2,before,3,67575333
store,dense-array,interpreter,pair2,before,4,67594458
store,dense-array,interpreter,pair2,before,5,67794375
store,dense-array,interpreter,pair2,before,6,67609541
store,dense-array,interpreter,pair2,before,7,68177417
store,dense-array,interpreter,pair2,before,8,67589125
store,dense-array,interpreter,pair2,before,9,68509000
store,dense-array,interpreter,pair2,before,10,67963917
store,dense-array,interpreter,pair2,before,11,67705625
store,dense-array,interpreter,pair2,before,12,67789666
store,dense-array,interpreter,pair2,before,13,67582375
store,dense-array,interpreter,pair2,before,14,67804667
store,dense-array,interpreter,pair2,before,15,67569375
store,dense-array,interpreter,pair2,before,16,67858833
store,dense-array,interpreter,pair2,before,17,67607833
store,dense-array,interpreter,pair2,before,18,68054458
store,dense-array,interpreter,pair2,before,19,68718083
store,dense-array,interpreter,pair3,after,0,67720583
store,dense-array,interpreter,pair3,after,1,68283500
store,dense-array,interpreter,pair3,after,2,68205542
store,dense-array,interpreter,pair3,after,3,68225542
store,dense-array,interpreter,pair3,after,4,70103666
store,dense-array,interpreter,pair3,after,5,68909167
store,dense-array,interpreter,pair3,after,6,68237541
store,dense-array,interpreter,pair3,after,7,68299792
store,dense-array,interpreter,pair3,after,8,68357250
store,dense-array,interpreter,pair3,after,9,68152042
store,dense-array,interpreter,pair3,after,10,68280083
store,dense-array,interpreter,pair3,after,11,68331041
store,dense-array,interpreter,pair3,after,12,68252667
store,dense-array,interpreter,pair3,after,13,68541792
store,dense-array,interpreter,pair3,after,14,68298541
store,dense-array,interpreter,pair3,after,15,68215792
store,dense-array,interpreter,pair3,after,16,68182667
store,dense-array,interpreter,pair3,after,17,68643500
store,dense-array,interpreter,pair3,after,18,68235958
store,dense-array,interpreter,pair3,after,19,68280375
store,dense-array,interpreter,pair3,before,0,67992916
store,dense-array,interpreter,pair3,before,1,67507125
store,dense-array,interpreter,pair3,before,2,67581208
store,dense-array,interpreter,pair3,before,3,67531958
store,dense-array,interpreter,pair3,before,4,67656750
store,dense-array,interpreter,pair3,before,5,67439917
store,dense-array,interpreter,pair3,before,6,69874041
store,dense-array,interpreter,pair3,before,7,68668542
store,dense-array,interpreter,pair3,before,8,67773459
store,dense-array,interpreter,pair3,before,9,67585084
store,dense-array,interpreter,pair3,before,10,67338542
store,dense-array,interpreter,pair3,before,11,67481875
store,dense-array,interpreter,pair3,before,12,67464541
store,dense-array,interpreter,pair3,before,13,67594542
store,dense-array,interpreter,pair3,before,14,67672875
store,dense-array,interpreter,pair3,before,15,67962542
store,dense-array,interpreter,pair3,before,16,67485833
store,dense-array,interpreter,pair3,before,17,67501209
store,dense-array,interpreter,pair3,before,18,67429500
store,dense-array,interpreter,pair3,before,19,67613625
store,dense-array,production-tiered,pair1,after,0,5529375
store,dense-array,production-tiered,pair1,after,1,5536792
store,dense-array,production-tiered,pair1,after,2,5534333
store,dense-array,production-tiered,pair1,after,3,5534166
store,dense-array,production-tiered,pair1,after,4,5532625
store,dense-array,production-tiered,pair1,after,5,5530417
store,dense-array,production-tiered,pair1,after,6,5533000
store,dense-array,production-tiered,pair1,after,7,5534166
store,dense-array,production-tiered,pair1,after,8,5666000
store,dense-array,production-tiered,pair1,after,9,5669000
store,dense-array,production-tiered,pair1,after,10,5849084
store,dense-array,production-tiered,pair1,after,11,5840042
store,dense-array,production-tiered,pair1,after,12,5572042
store,dense-array,production-tiered,pair1,after,13,5536667
store,dense-array,production-tiered,pair1,after,14,5535750
store,dense-array,production-tiered,pair1,after,15,5539334
store,dense-array,production-tiered,pair1,after,16,5532834
store,dense-array,production-tiered,pair1,after,17,5544792
store,dense-array,production-tiered,pair1,after,18,5544708
store,dense-array,production-tiered,pair1,after,19,5543875
store,dense-array,production-tiered,pair1,before,0,5526625
store,dense-array,production-tiered,pair1,before,1,5522166
store,dense-array,production-tiered,pair1,before,2,5522375
store,dense-array,production-tiered,pair1,before,3,5515042
store,dense-array,production-tiered,pair1,before,4,5522667
store,dense-array,production-tiered,pair1,before,5,5519500
store,dense-array,production-tiered,pair1,before,6,5527250
store,dense-array,production-tiered,pair1,before,7,5518416
store,dense-array,production-tiered,pair1,before,8,5518750
store,dense-array,production-tiered,pair1,before,9,5527875
store,dense-array,production-tiered,pair1,before,10,5515542
store,dense-array,production-tiered,pair1,before,11,5525041
store,dense-array,production-tiered,pair1,before,12,5513292
store,dense-array,production-tiered,pair1,before,13,5513708
store,dense-array,production-tiered,pair1,before,14,5515125
store,dense-array,production-tiered,pair1,before,15,5524417
store,dense-array,production-tiered,pair1,before,16,5513333
store,dense-array,production-tiered,pair1,before,17,5514750
store,dense-array,production-tiered,pair1,before,18,5513333
store,dense-array,production-tiered,pair1,before,19,5511250
store,dense-array,production-tiered,pair2,after,0,5528917
store,dense-array,production-tiered,pair2,after,1,5545167
store,dense-array,production-tiered,pair2,after,2,5544625
store,dense-array,production-tiered,pair2,after,3,5533375
store,dense-array,production-tiered,pair2,after,4,5538000
store,dense-array,production-tiered,pair2,after,5,5538833
store,dense-array,production-tiered,pair2,after,6,5531125
store,dense-array,production-tiered,pair2,after,7,5554958
store,dense-array,production-tiered,pair2,after,8,5539958
store,dense-array,production-tiered,pair2,after,9,5561875
store,dense-array,production-tiered,pair2,after,10,5531167
store,dense-array,production-tiered,pair2,after,11,5559000
store,dense-array,production-tiered,pair2,after,12,5537209
store,dense-array,production-tiered,pair2,after,13,5537625
store,dense-array,production-tiered,pair2,after,14,5586333
store,dense-array,production-tiered,pair2,after,15,5535583
store,dense-array,production-tiered,pair2,after,16,5531958
store,dense-array,production-tiered,pair2,after,17,5563667
store,dense-array,production-tiered,pair2,after,18,5535375
store,dense-array,production-tiered,pair2,after,19,5530541
store,dense-array,production-tiered,pair2,before,0,5533625
store,dense-array,production-tiered,pair2,before,1,5511667
store,dense-array,production-tiered,pair2,before,2,5541334
store,dense-array,production-tiered,pair2,before,3,5506750
store,dense-array,production-tiered,pair2,before,4,5518833
store,dense-array,production-tiered,pair2,before,5,5507500
store,dense-array,production-tiered,pair2,before,6,5518291
store,dense-array,production-tiered,pair2,before,7,5517000
store,dense-array,production-tiered,pair2,before,8,5507916
store,dense-array,production-tiered,pair2,before,9,5518334
store,dense-array,production-tiered,pair2,before,10,5511709
store,dense-array,production-tiered,pair2,before,11,5517375
store,dense-array,production-tiered,pair2,before,12,5540750
store,dense-array,production-tiered,pair2,before,13,5519625
store,dense-array,production-tiered,pair2,before,14,5507833
store,dense-array,production-tiered,pair2,before,15,5523875
store,dense-array,production-tiered,pair2,before,16,5520375
store,dense-array,production-tiered,pair2,before,17,5509125
store,dense-array,production-tiered,pair2,before,18,5511750
store,dense-array,production-tiered,pair2,before,19,5521000
store,dense-array,production-tiered,pair3,after,0,5544708
store,dense-array,production-tiered,pair3,after,1,5585291
store,dense-array,production-tiered,pair3,after,2,5550625
store,dense-array,production-tiered,pair3,after,3,5530375
store,dense-array,production-tiered,pair3,after,4,5532667
store,dense-array,production-tiered,pair3,after,5,5542666
store,dense-array,production-tiered,pair3,after,6,5517833
store,dense-array,production-tiered,pair3,after,7,5535417
store,dense-array,production-tiered,pair3,after,8,5522250
store,dense-array,production-tiered,pair3,after,9,5519000
store,dense-array,production-tiered,pair3,after,10,5517333
store,dense-array,production-tiered,pair3,after,11,5528792
store,dense-array,production-tiered,pair3,after,12,5517292
store,dense-array,production-tiered,pair3,after,13,5522208
store,dense-array,production-tiered,pair3,after,14,5524792
store,dense-array,production-tiered,pair3,after,15,5548833
store,dense-array,production-tiered,pair3,after,16,5536916
store,dense-array,production-tiered,pair3,after,17,5539375
store,dense-array,production-tiered,pair3,after,18,5530834
store,dense-array,production-tiered,pair3,after,19,5533792
store,dense-array,production-tiered,pair3,before,0,5535625
store,dense-array,production-tiered,pair3,before,1,5593000
store,dense-array,production-tiered,pair3,before,2,5620542
store,dense-array,production-tiered,pair3,before,3,5626250
store,dense-array,production-tiered,pair3,before,4,5558167
store,dense-array,production-tiered,pair3,before,5,5538375
store,dense-array,production-tiered,pair3,before,6,5540000
store,dense-array,production-tiered,pair3,before,7,5604250
store,dense-array,production-tiered,pair3,before,8,5556541
store,dense-array,production-tiered,pair3,before,9,5561541
store,dense-array,production-tiered,pair3,before,10,5533417
store,dense-array,production-tiered,pair3,before,11,5538000
store,dense-array,production-tiered,pair3,before,12,5539834
store,dense-array,production-tiered,pair3,before,13,5546459
store,dense-array,production-tiered,pair3,before,14,5549084
store,dense-array,production-tiered,pair3,before,15,5546375
store,dense-array,production-tiered,pair3,before,16,5545125
store,dense-array,production-tiered,pair3,before,17,5543375
store,dense-array,production-tiered,pair3,before,18,5547709
store,dense-array,production-tiered,pair3,before,19,5549792
store,dense-array,template,pair1,after,0,6875500
store,dense-array,template,pair1,after,1,6871917
store,dense-array,template,pair1,after,2,6860041
store,dense-array,template,pair1,after,3,6858958
store,dense-array,template,pair1,after,4,6863750
store,dense-array,template,pair1,after,5,6859959
store,dense-array,template,pair1,after,6,6862709
store,dense-array,template,pair1,after,7,6864292
store,dense-array,template,pair1,after,8,6856333
store,dense-array,template,pair1,after,9,6867917
store,dense-array,template,pair1,after,10,6856375
store,dense-array,template,pair1,after,11,6866875
store,dense-array,template,pair1,after,12,6874583
store,dense-array,template,pair1,after,13,6883625
store,dense-array,template,pair1,after,14,6870459
store,dense-array,template,pair1,after,15,6861958
store,dense-array,template,pair1,after,16,6871958
store,dense-array,template,pair1,after,17,6860417
store,dense-array,template,pair1,after,18,6856167
store,dense-array,template,pair1,after,19,6870458
store,dense-array,template,pair1,before,0,6858375
store,dense-array,template,pair1,before,1,6867583
store,dense-array,template,pair1,before,2,6886000
store,dense-array,template,pair1,before,3,6864291
store,dense-array,template,pair1,before,4,6856208
store,dense-array,template,pair1,before,5,6860875
store,dense-array,template,pair1,before,6,6884666
store,dense-array,template,pair1,before,7,6868792
store,dense-array,template,pair1,before,8,6865750
store,dense-array,template,pair1,before,9,6860625
store,dense-array,template,pair1,before,10,6861958
store,dense-array,template,pair1,before,11,6879500
store,dense-array,template,pair1,before,12,6864791
store,dense-array,template,pair1,before,13,6864000
store,dense-array,template,pair1,before,14,6869500
store,dense-array,template,pair1,before,15,6867625
store,dense-array,template,pair1,before,16,6883709
store,dense-array,template,pair1,before,17,6869125
store,dense-array,template,pair1,before,18,6865375
store,dense-array,template,pair1,before,19,6867083
store,dense-array,template,pair2,after,0,6976584
store,dense-array,template,pair2,after,1,6988125
store,dense-array,template,pair2,after,2,7029250
store,dense-array,template,pair2,after,3,7107625
store,dense-array,template,pair2,after,4,6883250
store,dense-array,template,pair2,after,5,7081417
store,dense-array,template,pair2,after,6,6912334
store,dense-array,template,pair2,after,7,6879125
store,dense-array,template,pair2,after,8,6863375
store,dense-array,template,pair2,after,9,6875750
store,dense-array,template,pair2,after,10,6877250
store,dense-array,template,pair2,after,11,6867208
store,dense-array,template,pair2,after,12,6871542
store,dense-array,template,pair2,after,13,6869834
store,dense-array,template,pair2,after,14,6887709
store,dense-array,template,pair2,after,15,6935209
store,dense-array,template,pair2,after,16,6860208
store,dense-array,template,pair2,after,17,6861084
store,dense-array,template,pair2,after,18,6875833
store,dense-array,template,pair2,after,19,6863167
store,dense-array,template,pair2,before,0,6872834
store,dense-array,template,pair2,before,1,6859000
store,dense-array,template,pair2,before,2,6867250
store,dense-array,template,pair2,before,3,6860458
store,dense-array,template,pair2,before,4,6864292
store,dense-array,template,pair2,before,5,6882458
store,dense-array,template,pair2,before,6,6861583
store,dense-array,template,pair2,before,7,6864542
store,dense-array,template,pair2,before,8,6866042
store,dense-array,template,pair2,before,9,6869083
store,dense-array,template,pair2,before,10,6880958
store,dense-array,template,pair2,before,11,6874333
store,dense-array,template,pair2,before,12,6865292
store,dense-array,template,pair2,before,13,6874875
store,dense-array,template,pair2,before,14,6878833
store,dense-array,template,pair2,before,15,6867292
store,dense-array,template,pair2,before,16,6861000
store,dense-array,template,pair2,before,17,6889167
store,dense-array,template,pair2,before,18,7130625
store,dense-array,template,pair2,before,19,6881125
store,dense-array,template,pair3,after,0,6877292
store,dense-array,template,pair3,after,1,6859667
store,dense-array,template,pair3,after,2,6853792
store,dense-array,template,pair3,after,3,6864291
store,dense-array,template,pair3,after,4,6873792
store,dense-array,template,pair3,after,5,6873875
store,dense-array,template,pair3,after,6,6861250
store,dense-array,template,pair3,after,7,6913041
store,dense-array,template,pair3,after,8,6862292
store,dense-array,template,pair3,after,9,6874916
store,dense-array,template,pair3,after,10,6873875
store,dense-array,template,pair3,after,11,6866083
store,dense-array,template,pair3,after,12,6858583
store,dense-array,template,pair3,after,13,6881208
store,dense-array,template,pair3,after,14,6878958
store,dense-array,template,pair3,after,15,6892208
store,dense-array,template,pair3,after,16,6863959
store,dense-array,template,pair3,after,17,6865584
store,dense-array,template,pair3,after,18,6866375
store,dense-array,template,pair3,after,19,6869833
store,dense-array,template,pair3,before,0,6864792
store,dense-array,template,pair3,before,1,6861958
store,dense-array,template,pair3,before,2,6855875
store,dense-array,template,pair3,before,3,6868875
store,dense-array,template,pair3,before,4,6891667
store,dense-array,template,pair3,before,5,6860000
store,dense-array,template,pair3,before,6,6867708
store,dense-array,template,pair3,before,7,6858250
store,dense-array,template,pair3,before,8,6872416
store,dense-array,template,pair3,before,9,6860625
store,dense-array,template,pair3,before,10,6864875
store,dense-array,template,pair3,before,11,6862167
store,dense-array,template,pair3,before,12,6857292
store,dense-array,template,pair3,before,13,6861958
store,dense-array,template,pair3,before,14,6864875
store,dense-array,template,pair3,before,15,6884750
store,dense-array,template,pair3,before,16,6956208
store,dense-array,template,pair3,before,17,7094500
store,dense-array,template,pair3,before,18,7223125
store,dense-array,template,pair3,before,19,7373625
store,derived-constructor,interpreter,pair1,after,0,72083958
store,derived-constructor,interpreter,pair1,after,1,60064875
store,derived-constructor,interpreter,pair1,after,2,72257834
store,derived-constructor,interpreter,pair1,after,3,59649459
store,derived-constructor,interpreter,pair1,after,4,72317208
store,derived-constructor,interpreter,pair1,after,5,75321834
store,derived-constructor,interpreter,pair1,after,6,60623750
store,derived-constructor,interpreter,pair1,after,7,72574208
store,derived-constructor,interpreter,pair1,after,8,60067583
store,derived-constructor,interpreter,pair1,after,9,72874875
store,derived-constructor,interpreter,pair1,after,10,59941750
store,derived-constructor,interpreter,pair1,after,11,72401375
store,derived-constructor,interpreter,pair1,after,12,72138542
store,derived-constructor,interpreter,pair1,after,13,60766959
store,derived-constructor,interpreter,pair1,after,14,73705292
store,derived-constructor,interpreter,pair1,after,15,61372958
store,derived-constructor,interpreter,pair1,after,16,72455833
store,derived-constructor,interpreter,pair1,after,17,59803292
store,derived-constructor,interpreter,pair1,after,18,72886833
store,derived-constructor,interpreter,pair1,after,19,71974291
store,derived-constructor,interpreter,pair1,before,0,72277834
store,derived-constructor,interpreter,pair1,before,1,59628917
store,derived-constructor,interpreter,pair1,before,2,72092916
store,derived-constructor,interpreter,pair1,before,3,59581125
store,derived-constructor,interpreter,pair1,before,4,72938750
store,derived-constructor,interpreter,pair1,before,5,72122292
store,derived-constructor,interpreter,pair1,before,6,59559709
store,derived-constructor,interpreter,pair1,before,7,72114750
store,derived-constructor,interpreter,pair1,before,8,59415250
store,derived-constructor,interpreter,pair1,before,9,72210625
store,derived-constructor,interpreter,pair1,before,10,59668458
store,derived-constructor,interpreter,pair1,before,11,72417083
store,derived-constructor,interpreter,pair1,before,12,72392541
store,derived-constructor,interpreter,pair1,before,13,59233250
store,derived-constructor,interpreter,pair1,before,14,72260000
store,derived-constructor,interpreter,pair1,before,15,59318791
store,derived-constructor,interpreter,pair1,before,16,73518042
store,derived-constructor,interpreter,pair1,before,17,59192958
store,derived-constructor,interpreter,pair1,before,18,72740750
store,derived-constructor,interpreter,pair1,before,19,72042916
store,derived-constructor,interpreter,pair2,after,0,72649500
store,derived-constructor,interpreter,pair2,after,1,59800083
store,derived-constructor,interpreter,pair2,after,2,72682667
store,derived-constructor,interpreter,pair2,after,3,59938916
store,derived-constructor,interpreter,pair2,after,4,72696375
store,derived-constructor,interpreter,pair2,after,5,72359500
store,derived-constructor,interpreter,pair2,after,6,60023791
store,derived-constructor,interpreter,pair2,after,7,72670542
store,derived-constructor,interpreter,pair2,after,8,59818083
store,derived-constructor,interpreter,pair2,after,9,72417125
store,derived-constructor,interpreter,pair2,after,10,59873417
store,derived-constructor,interpreter,pair2,after,11,72756417
store,derived-constructor,interpreter,pair2,after,12,74197041
store,derived-constructor,interpreter,pair2,after,13,60192042
store,derived-constructor,interpreter,pair2,after,14,73073000
store,derived-constructor,interpreter,pair2,after,15,60256166
store,derived-constructor,interpreter,pair2,after,16,72590083
store,derived-constructor,interpreter,pair2,after,17,60047625
store,derived-constructor,interpreter,pair2,after,18,72726667
store,derived-constructor,interpreter,pair2,after,19,73194417
store,derived-constructor,interpreter,pair2,before,0,72343084
store,derived-constructor,interpreter,pair2,before,1,59740125
store,derived-constructor,interpreter,pair2,before,2,72259500
store,derived-constructor,interpreter,pair2,before,3,59435833
store,derived-constructor,interpreter,pair2,before,4,72364375
store,derived-constructor,interpreter,pair2,before,5,72799792
store,derived-constructor,interpreter,pair2,before,6,60155834
store,derived-constructor,interpreter,pair2,before,7,72515042
store,derived-constructor,interpreter,pair2,before,8,59710458
store,derived-constructor,interpreter,pair2,before,9,72504500
store,derived-constructor,interpreter,pair2,before,10,59497958
store,derived-constructor,interpreter,pair2,before,11,72270375
store,derived-constructor,interpreter,pair2,before,12,72379375
store,derived-constructor,interpreter,pair2,before,13,59600750
store,derived-constructor,interpreter,pair2,before,14,73353875
store,derived-constructor,interpreter,pair2,before,15,59564292
store,derived-constructor,interpreter,pair2,before,16,72315667
store,derived-constructor,interpreter,pair2,before,17,61200083
store,derived-constructor,interpreter,pair2,before,18,75038625
store,derived-constructor,interpreter,pair2,before,19,72272166
store,derived-constructor,interpreter,pair3,after,0,71759416
store,derived-constructor,interpreter,pair3,after,1,59083000
store,derived-constructor,interpreter,pair3,after,2,72666083
store,derived-constructor,interpreter,pair3,after,3,59385125
store,derived-constructor,interpreter,pair3,after,4,72854791
store,derived-constructor,interpreter,pair3,after,5,72330541
store,derived-constructor,interpreter,pair3,after,6,59433500
store,derived-constructor,interpreter,pair3,after,7,72615042
store,derived-constructor,interpreter,pair3,after,8,59223292
store,derived-constructor,interpreter,pair3,after,9,72800167
store,derived-constructor,interpreter,pair3,after,10,59240125
store,derived-constructor,interpreter,pair3,after,11,72870583
store,derived-constructor,interpreter,pair3,after,12,72953416
store,derived-constructor,interpreter,pair3,after,13,59324916
store,derived-constructor,interpreter,pair3,after,14,72335083
store,derived-constructor,interpreter,pair3,after,15,59351708
store,derived-constructor,interpreter,pair3,after,16,72255709
store,derived-constructor,interpreter,pair3,after,17,59513250
store,derived-constructor,interpreter,pair3,after,18,72525500
store,derived-constructor,interpreter,pair3,after,19,72617042
store,derived-constructor,interpreter,pair3,before,0,72145458
store,derived-constructor,interpreter,pair3,before,1,59468000
store,derived-constructor,interpreter,pair3,before,2,71878875
store,derived-constructor,interpreter,pair3,before,3,59309250
store,derived-constructor,interpreter,pair3,before,4,72789625
store,derived-constructor,interpreter,pair3,before,5,72268167
store,derived-constructor,interpreter,pair3,before,6,59230709
store,derived-constructor,interpreter,pair3,before,7,71848291
store,derived-constructor,interpreter,pair3,before,8,59565625
store,derived-constructor,interpreter,pair3,before,9,71960625
store,derived-constructor,interpreter,pair3,before,10,59071250
store,derived-constructor,interpreter,pair3,before,11,72249166
store,derived-constructor,interpreter,pair3,before,12,72012833
store,derived-constructor,interpreter,pair3,before,13,60072250
store,derived-constructor,interpreter,pair3,before,14,71843459
store,derived-constructor,interpreter,pair3,before,15,59108709
store,derived-constructor,interpreter,pair3,before,16,71787208
store,derived-constructor,interpreter,pair3,before,17,59028750
store,derived-constructor,interpreter,pair3,before,18,72054708
store,derived-constructor,interpreter,pair3,before,19,71689375
store,derived-constructor,production-tiered,pair1,after,0,6778167
store,derived-constructor,production-tiered,pair1,after,1,6256417
store,derived-constructor,production-tiered,pair1,after,2,6776333
store,derived-constructor,production-tiered,pair1,after,3,6243667
store,derived-constructor,production-tiered,pair1,after,4,6780125
store,derived-constructor,production-tiered,pair1,after,5,6808958
store,derived-constructor,production-tiered,pair1,after,6,6248916
store,derived-constructor,production-tiered,pair1,after,7,6788583
store,derived-constructor,production-tiered,pair1,after,8,6251875
store,derived-constructor,production-tiered,pair1,after,9,6764000
store,derived-constructor,production-tiered,pair1,after,10,6249833
store,derived-constructor,production-tiered,pair1,after,11,6781333
store,derived-constructor,production-tiered,pair1,after,12,6778167
store,derived-constructor,production-tiered,pair1,after,13,6249500
store,derived-constructor,production-tiered,pair1,after,14,6781959
store,derived-constructor,production-tiered,pair1,after,15,6241375
store,derived-constructor,production-tiered,pair1,after,16,6761667
store,derived-constructor,production-tiered,pair1,after,17,6248542
store,derived-constructor,production-tiered,pair1,after,18,6788833
store,derived-constructor,production-tiered,pair1,after,19,6779208
store,derived-constructor,production-tiered,pair1,before,0,8219375
store,derived-constructor,production-tiered,pair1,before,1,7680500
store,derived-constructor,production-tiered,pair1,before,2,8249375
store,derived-constructor,production-tiered,pair1,before,3,7511834
store,derived-constructor,production-tiered,pair1,before,4,8067292
store,derived-constructor,production-tiered,pair1,before,5,8149833
store,derived-constructor,production-tiered,pair1,before,6,7632167
store,derived-constructor,production-tiered,pair1,before,7,8270709
store,derived-constructor,production-tiered,pair1,before,8,7868458
store,derived-constructor,production-tiered,pair1,before,9,8150167
store,derived-constructor,production-tiered,pair1,before,10,7491958
store,derived-constructor,production-tiered,pair1,before,11,8028583
store,derived-constructor,production-tiered,pair1,before,12,8085333
store,derived-constructor,production-tiered,pair1,before,13,7487792
store,derived-constructor,production-tiered,pair1,before,14,8008750
store,derived-constructor,production-tiered,pair1,before,15,7503250
store,derived-constructor,production-tiered,pair1,before,16,8008125
store,derived-constructor,production-tiered,pair1,before,17,7526417
store,derived-constructor,production-tiered,pair1,before,18,8070750
store,derived-constructor,production-tiered,pair1,before,19,8020417
store,derived-constructor,production-tiered,pair2,after,0,6789916
store,derived-constructor,production-tiered,pair2,after,1,6233208
store,derived-constructor,production-tiered,pair2,after,2,6828167
store,derived-constructor,production-tiered,pair2,after,3,6228458
store,derived-constructor,production-tiered,pair2,after,4,6786042
store,derived-constructor,production-tiered,pair2,after,5,6761916
store,derived-constructor,production-tiered,pair2,after,6,6273583
store,derived-constructor,production-tiered,pair2,after,7,6812042
store,derived-constructor,production-tiered,pair2,after,8,6232000
store,derived-constructor,production-tiered,pair2,after,9,6770083
store,derived-constructor,production-tiered,pair2,after,10,6235875
store,derived-constructor,production-tiered,pair2,after,11,6778750
store,derived-constructor,production-tiered,pair2,after,12,6999041
store,derived-constructor,production-tiered,pair2,after,13,6429459
store,derived-constructor,production-tiered,pair2,after,14,6790250
store,derived-constructor,production-tiered,pair2,after,15,6235042
store,derived-constructor,production-tiered,pair2,after,16,6789875
store,derived-constructor,production-tiered,pair2,after,17,6264125
store,derived-constructor,production-tiered,pair2,after,18,6761708
store,derived-constructor,production-tiered,pair2,after,19,6756208
store,derived-constructor,production-tiered,pair2,before,0,8008125
store,derived-constructor,production-tiered,pair2,before,1,7493292
store,derived-constructor,production-tiered,pair2,before,2,8029959
store,derived-constructor,production-tiered,pair2,before,3,7489708
store,derived-constructor,production-tiered,pair2,before,4,8021458
store,derived-constructor,production-tiered,pair2,before,5,8020166
store,derived-constructor,production-tiered,pair2,before,6,7488208
store,derived-constructor,production-tiered,pair2,before,7,8008541
store,derived-constructor,production-tiered,pair2,before,8,7498333
store,derived-constructor,production-tiered,pair2,before,9,8021000
store,derived-constructor,production-tiered,pair2,before,10,7526417
store,derived-constructor,production-tiered,pair2,before,11,7983791
store,derived-constructor,production-tiered,pair2,before,12,7986917
store,derived-constructor,production-tiered,pair2,before,13,7484166
store,derived-constructor,production-tiered,pair2,before,14,8011542
store,derived-constructor,production-tiered,pair2,before,15,7486417
store,derived-constructor,production-tiered,pair2,before,16,8028958
store,derived-constructor,production-tiered,pair2,before,17,7490750
store,derived-constructor,production-tiered,pair2,before,18,8201583
store,derived-constructor,production-tiered,pair2,before,19,8051917
store,derived-constructor,production-tiered,pair3,after,0,6773000
store,derived-constructor,production-tiered,pair3,after,1,6250958
store,derived-constructor,production-tiered,pair3,after,2,6787041
store,derived-constructor,production-tiered,pair3,after,3,6265125
store,derived-constructor,production-tiered,pair3,after,4,6762292
store,derived-constructor,production-tiered,pair3,after,5,6747083
store,derived-constructor,production-tiered,pair3,after,6,6276083
store,derived-constructor,production-tiered,pair3,after,7,6775334
store,derived-constructor,production-tiered,pair3,after,8,6247292
store,derived-constructor,production-tiered,pair3,after,9,6801333
store,derived-constructor,production-tiered,pair3,after,10,6230459
store,derived-constructor,production-tiered,pair3,after,11,6795834
store,derived-constructor,production-tiered,pair3,after,12,6773083
store,derived-constructor,production-tiered,pair3,after,13,6248250
store,derived-constructor,production-tiered,pair3,after,14,6763250
store,derived-constructor,production-tiered,pair3,after,15,6251834
store,derived-constructor,production-tiered,pair3,after,16,6768041
store,derived-constructor,production-tiered,pair3,after,17,6247459
store,derived-constructor,production-tiered,pair3,after,18,6770667
store,derived-constructor,production-tiered,pair3,after,19,6767958
store,derived-constructor,production-tiered,pair3,before,0,8028333
store,derived-constructor,production-tiered,pair3,before,1,7502750
store,derived-constructor,production-tiered,pair3,before,2,8033833
store,derived-constructor,production-tiered,pair3,before,3,7503750
store,derived-constructor,production-tiered,pair3,before,4,8029542
store,derived-constructor,production-tiered,pair3,before,5,8060917
store,derived-constructor,production-tiered,pair3,before,6,7499417
store,derived-constructor,production-tiered,pair3,before,7,8038583
store,derived-constructor,production-tiered,pair3,before,8,7492750
store,derived-constructor,production-tiered,pair3,before,9,8026375
store,derived-constructor,production-tiered,pair3,before,10,7497542
store,derived-constructor,production-tiered,pair3,before,11,8050250
store,derived-constructor,production-tiered,pair3,before,12,8031958
store,derived-constructor,production-tiered,pair3,before,13,7522917
store,derived-constructor,production-tiered,pair3,before,14,8046375
store,derived-constructor,production-tiered,pair3,before,15,7505667
store,derived-constructor,production-tiered,pair3,before,16,8042541
store,derived-constructor,production-tiered,pair3,before,17,7518917
store,derived-constructor,production-tiered,pair3,before,18,8039917
store,derived-constructor,production-tiered,pair3,before,19,8056334
store,derived-constructor,template,pair1,after,0,63238125
store,derived-constructor,template,pair1,after,1,62896583
store,derived-constructor,template,pair1,after,2,63250791
store,derived-constructor,template,pair1,after,3,62698209
store,derived-constructor,template,pair1,after,4,63006333
store,derived-constructor,template,pair1,after,5,62677959
store,derived-constructor,template,pair1,after,6,62301708
store,derived-constructor,template,pair1,after,7,63031834
store,derived-constructor,template,pair1,after,8,62507000
store,derived-constructor,template,pair1,after,9,63043125
store,derived-constructor,template,pair1,after,10,62528333
store,derived-constructor,template,pair1,after,11,63074959
store,derived-constructor,template,pair1,after,12,63381458
store,derived-constructor,template,pair1,after,13,62557083
store,derived-constructor,template,pair1,after,14,63565833
store,derived-constructor,template,pair1,after,15,62198000
store,derived-constructor,template,pair1,after,16,62935750
store,derived-constructor,template,pair1,after,17,62176708
store,derived-constructor,template,pair1,after,18,62963458
store,derived-constructor,template,pair1,after,19,63385291
store,derived-constructor,template,pair1,before,0,63558791
store,derived-constructor,template,pair1,before,1,62319334
store,derived-constructor,template,pair1,before,2,62737125
store,derived-constructor,template,pair1,before,3,62248584
store,derived-constructor,template,pair1,before,4,62519084
store,derived-constructor,template,pair1,before,5,62598375
store,derived-constructor,template,pair1,before,6,61944500
store,derived-constructor,template,pair1,before,7,62505208
store,derived-constructor,template,pair1,before,8,61963459
store,derived-constructor,template,pair1,before,9,62487833
store,derived-constructor,template,pair1,before,10,61949792
store,derived-constructor,template,pair1,before,11,62634459
store,derived-constructor,template,pair1,before,12,62816500
store,derived-constructor,template,pair1,before,13,63189000
store,derived-constructor,template,pair1,before,14,63875167
store,derived-constructor,template,pair1,before,15,63240208
store,derived-constructor,template,pair1,before,16,63290541
store,derived-constructor,template,pair1,before,17,62267958
store,derived-constructor,template,pair1,before,18,62671792
store,derived-constructor,template,pair1,before,19,62795625
store,derived-constructor,template,pair2,after,0,63006583
store,derived-constructor,template,pair2,after,1,62038000
store,derived-constructor,template,pair2,after,2,62475000
store,derived-constructor,template,pair2,after,3,61810750
store,derived-constructor,template,pair2,after,4,62557083
store,derived-constructor,template,pair2,after,5,62387417
store,derived-constructor,template,pair2,after,6,61634709
store,derived-constructor,template,pair2,after,7,62095625
store,derived-constructor,template,pair2,after,8,61475333
store,derived-constructor,template,pair2,after,9,62136708
store,derived-constructor,template,pair2,after,10,61839125
store,derived-constructor,template,pair2,after,11,62503292
store,derived-constructor,template,pair2,after,12,62341709
store,derived-constructor,template,pair2,after,13,61689667
store,derived-constructor,template,pair2,after,14,62018000
store,derived-constructor,template,pair2,after,15,62429625
store,derived-constructor,template,pair2,after,16,64442625
store,derived-constructor,template,pair2,after,17,62772625
store,derived-constructor,template,pair2,after,18,62544583
store,derived-constructor,template,pair2,after,19,62340292
store,derived-constructor,template,pair2,before,0,62892750
store,derived-constructor,template,pair2,before,1,62574500
store,derived-constructor,template,pair2,before,2,65118542
store,derived-constructor,template,pair2,before,3,65026417
store,derived-constructor,template,pair2,before,4,64152625
store,derived-constructor,template,pair2,before,5,64154833
store,derived-constructor,template,pair2,before,6,63139291
store,derived-constructor,template,pair2,before,7,64117959
store,derived-constructor,template,pair2,before,8,63166709
store,derived-constructor,template,pair2,before,9,63961792
store,derived-constructor,template,pair2,before,10,62970541
store,derived-constructor,template,pair2,before,11,63631083
store,derived-constructor,template,pair2,before,12,63814500
store,derived-constructor,template,pair2,before,13,63622333
store,derived-constructor,template,pair2,before,14,63908583
store,derived-constructor,template,pair2,before,15,64339250
store,derived-constructor,template,pair2,before,16,63144000
store,derived-constructor,template,pair2,before,17,62309958
store,derived-constructor,template,pair2,before,18,63217917
store,derived-constructor,template,pair2,before,19,63841250
store,derived-constructor,template,pair3,after,0,62704625
store,derived-constructor,template,pair3,after,1,63200542
store,derived-constructor,template,pair3,after,2,64693958
store,derived-constructor,template,pair3,after,3,61980375
store,derived-constructor,template,pair3,after,4,62626542
store,derived-constructor,template,pair3,after,5,62713917
store,derived-constructor,template,pair3,after,6,62101917
store,derived-constructor,template,pair3,after,7,62940375
store,derived-constructor,template,pair3,after,8,62249791
store,derived-constructor,template,pair3,after,9,62843041
store,derived-constructor,template,pair3,after,10,62067667
store,derived-constructor,template,pair3,after,11,62790208
store,derived-constructor,template,pair3,after,12,62733667
store,derived-constructor,template,pair3,after,13,62096084
store,derived-constructor,template,pair3,after,14,62744625
store,derived-constructor,template,pair3,after,15,62118500
store,derived-constructor,template,pair3,after,16,62720083
store,derived-constructor,template,pair3,after,17,62333709
store,derived-constructor,template,pair3,after,18,63986042
store,derived-constructor,template,pair3,after,19,62890250
store,derived-constructor,template,pair3,before,0,61584500
store,derived-constructor,template,pair3,before,1,61042625
store,derived-constructor,template,pair3,before,2,61658458
store,derived-constructor,template,pair3,before,3,61007916
store,derived-constructor,template,pair3,before,4,61505500
store,derived-constructor,template,pair3,before,5,61565125
store,derived-constructor,template,pair3,before,6,61510208
store,derived-constructor,template,pair3,before,7,61642208
store,derived-constructor,template,pair3,before,8,61142500
store,derived-constructor,template,pair3,before,9,61742625
store,derived-constructor,template,pair3,before,10,61138708
store,derived-constructor,template,pair3,before,11,61695500
store,derived-constructor,template,pair3,before,12,61641584
store,derived-constructor,template,pair3,before,13,61188792
store,derived-constructor,template,pair3,before,14,61563042
store,derived-constructor,template,pair3,before,15,61198375
store,derived-constructor,template,pair3,before,16,62386875
store,derived-constructor,template,pair3,before,17,61411917
store,derived-constructor,template,pair3,before,18,61617000
store,derived-constructor,template,pair3,before,19,61743417
store,method-call-monomorphic,interpreter,pair1,after,0,150034584
store,method-call-monomorphic,interpreter,pair1,after,1,148551416
store,method-call-monomorphic,interpreter,pair1,after,2,148529708
store,method-call-monomorphic,interpreter,pair1,after,3,149855916
store,method-call-monomorphic,interpreter,pair1,after,4,148569583
store,method-call-monomorphic,interpreter,pair1,after,5,148645709
store,method-call-monomorphic,interpreter,pair1,after,6,148519417
store,method-call-monomorphic,interpreter,pair1,after,7,148418958
store,method-call-monomorphic,interpreter,pair1,after,8,148672125
store,method-call-monomorphic,interpreter,pair1,after,9,148901417
store,method-call-monomorphic,interpreter,pair1,after,10,148715250
store,method-call-monomorphic,interpreter,pair1,after,11,148341750
store,method-call-monomorphic,interpreter,pair1,after,12,148911417
store,method-call-monomorphic,interpreter,pair1,after,13,148484375
store,method-call-monomorphic,interpreter,pair1,after,14,148471125
store,method-call-monomorphic,interpreter,pair1,after,15,148914917
store,method-call-monomorphic,interpreter,pair1,after,16,152524292
store,method-call-monomorphic,interpreter,pair1,after,17,148997458
store,method-call-monomorphic,interpreter,pair1,after,18,148603500
store,method-call-monomorphic,interpreter,pair1,after,19,148431791
store,method-call-monomorphic,interpreter,pair1,before,0,148819750
store,method-call-monomorphic,interpreter,pair1,before,1,148895750
store,method-call-monomorphic,interpreter,pair1,before,2,148748917
store,method-call-monomorphic,interpreter,pair1,before,3,149273000
store,method-call-monomorphic,interpreter,pair1,before,4,148885417
store,method-call-monomorphic,interpreter,pair1,before,5,150152791
store,method-call-monomorphic,interpreter,pair1,before,6,148792541
store,method-call-monomorphic,interpreter,pair1,before,7,148797333
store,method-call-monomorphic,interpreter,pair1,before,8,148750125
store,method-call-monomorphic,interpreter,pair1,before,9,148790167
store,method-call-monomorphic,interpreter,pair1,before,10,149827000
store,method-call-monomorphic,interpreter,pair1,before,11,150649208
store,method-call-monomorphic,interpreter,pair1,before,12,149111292
store,method-call-monomorphic,interpreter,pair1,before,13,148848375
store,method-call-monomorphic,interpreter,pair1,before,14,148788333
store,method-call-monomorphic,interpreter,pair1,before,15,148930125
store,method-call-monomorphic,interpreter,pair1,before,16,148800583
store,method-call-monomorphic,interpreter,pair1,before,17,148938166
store,method-call-monomorphic,interpreter,pair1,before,18,149690541
store,method-call-monomorphic,interpreter,pair1,before,19,149050666
store,method-call-monomorphic,interpreter,pair2,after,0,147484667
store,method-call-monomorphic,interpreter,pair2,after,1,149993625
store,method-call-monomorphic,interpreter,pair2,after,2,148506625
store,method-call-monomorphic,interpreter,pair2,after,3,148653834
store,method-call-monomorphic,interpreter,pair2,after,4,150402917
store,method-call-monomorphic,interpreter,pair2,after,5,152995625
store,method-call-monomorphic,interpreter,pair2,after,6,148560958
store,method-call-monomorphic,interpreter,pair2,after,7,149156375
store,method-call-monomorphic,interpreter,pair2,after,8,148734917
store,method-call-monomorphic,interpreter,pair2,after,9,154050167
store,method-call-monomorphic,interpreter,pair2,after,10,149283417
store,method-call-monomorphic,interpreter,pair2,after,11,149302375
store,method-call-monomorphic,interpreter,pair2,after,12,148640125
store,method-call-monomorphic,interpreter,pair2,after,13,148591000
store,method-call-monomorphic,interpreter,pair2,after,14,154815375
store,method-call-monomorphic,interpreter,pair2,after,15,150820959
store,method-call-monomorphic,interpreter,pair2,after,16,148573792
store,method-call-monomorphic,interpreter,pair2,after,17,148463375
store,method-call-monomorphic,interpreter,pair2,after,18,148642125
store,method-call-monomorphic,interpreter,pair2,after,19,148683375
store,method-call-monomorphic,interpreter,pair2,before,0,147601792
store,method-call-monomorphic,interpreter,pair2,before,1,147300666
store,method-call-monomorphic,interpreter,pair2,before,2,147500458
store,method-call-monomorphic,interpreter,pair2,before,3,147628583
store,method-call-monomorphic,interpreter,pair2,before,4,147053375
store,method-call-monomorphic,interpreter,pair2,before,5,147319792
store,method-call-monomorphic,interpreter,pair2,before,6,146919834
store,method-call-monomorphic,interpreter,pair2,before,7,147044541
store,method-call-monomorphic,interpreter,pair2,before,8,148355000
store,method-call-monomorphic,interpreter,pair2,before,9,148700625
store,method-call-monomorphic,interpreter,pair2,before,10,147136208
store,method-call-monomorphic,interpreter,pair2,before,11,146979708
store,method-call-monomorphic,interpreter,pair2,before,12,148252875
store,method-call-monomorphic,interpreter,pair2,before,13,146902416
store,method-call-monomorphic,interpreter,pair2,before,14,147248250
store,method-call-monomorphic,interpreter,pair2,before,15,146886541
store,method-call-monomorphic,interpreter,pair2,before,16,146911792
store,method-call-monomorphic,interpreter,pair2,before,17,147006834
store,method-call-monomorphic,interpreter,pair2,before,18,147387209
store,method-call-monomorphic,interpreter,pair2,before,19,146969708
store,method-call-monomorphic,interpreter,pair3,after,0,149717208
store,method-call-monomorphic,interpreter,pair3,after,1,149482583
store,method-call-monomorphic,interpreter,pair3,after,2,148743666
store,method-call-monomorphic,interpreter,pair3,after,3,149842125
store,method-call-monomorphic,interpreter,pair3,after,4,150677125
store,method-call-monomorphic,interpreter,pair3,after,5,148608500
store,method-call-monomorphic,interpreter,pair3,after,6,148666834
store,method-call-monomorphic,interpreter,pair3,after,7,148854375
store,method-call-monomorphic,interpreter,pair3,after,8,149736791
store,method-call-monomorphic,interpreter,pair3,after,9,148813167
store,method-call-monomorphic,interpreter,pair3,after,10,152669333
store,method-call-monomorphic,interpreter,pair3,after,11,207361333
store,method-call-monomorphic,interpreter,pair3,after,12,182326208
store,method-call-monomorphic,interpreter,pair3,after,13,157843750
store,method-call-monomorphic,interpreter,pair3,after,14,165800292
store,method-call-monomorphic,interpreter,pair3,after,15,170355125
store,method-call-monomorphic,interpreter,pair3,after,16,165598417
store,method-call-monomorphic,interpreter,pair3,after,17,204938917
store,method-call-monomorphic,interpreter,pair3,after,18,160329791
store,method-call-monomorphic,interpreter,pair3,after,19,158464167
store,method-call-monomorphic,interpreter,pair3,before,0,149446792
store,method-call-monomorphic,interpreter,pair3,before,1,149143333
store,method-call-monomorphic,interpreter,pair3,before,2,149150333
store,method-call-monomorphic,interpreter,pair3,before,3,148820750
store,method-call-monomorphic,interpreter,pair3,before,4,148778958
store,method-call-monomorphic,interpreter,pair3,before,5,149176584
store,method-call-monomorphic,interpreter,pair3,before,6,149018292
store,method-call-monomorphic,interpreter,pair3,before,7,156352000
store,method-call-monomorphic,interpreter,pair3,before,8,148938875
store,method-call-monomorphic,interpreter,pair3,before,9,149109000
store,method-call-monomorphic,interpreter,pair3,before,10,149836542
store,method-call-monomorphic,interpreter,pair3,before,11,149332958
store,method-call-monomorphic,interpreter,pair3,before,12,149294833
store,method-call-monomorphic,interpreter,pair3,before,13,151529542
store,method-call-monomorphic,interpreter,pair3,before,14,148924000
store,method-call-monomorphic,interpreter,pair3,before,15,148834000
store,method-call-monomorphic,interpreter,pair3,before,16,149191417
store,method-call-monomorphic,interpreter,pair3,before,17,148778833
store,method-call-monomorphic,interpreter,pair3,before,18,148916500
store,method-call-monomorphic,interpreter,pair3,before,19,149308417
store,method-call-monomorphic,production-tiered,pair1,after,0,4665417
store,method-call-monomorphic,production-tiered,pair1,after,1,4646333
store,method-call-monomorphic,production-tiered,pair1,after,2,4646333
store,method-call-monomorphic,production-tiered,pair1,after,3,4644833
store,method-call-monomorphic,production-tiered,pair1,after,4,4651333
store,method-call-monomorphic,production-tiered,pair1,after,5,4647459
store,method-call-monomorphic,production-tiered,pair1,after,6,4649167
store,method-call-monomorphic,production-tiered,pair1,after,7,4640833
store,method-call-monomorphic,production-tiered,pair1,after,8,4642458
store,method-call-monomorphic,production-tiered,pair1,after,9,4640667
store,method-call-monomorphic,production-tiered,pair1,after,10,4646666
store,method-call-monomorphic,production-tiered,pair1,after,11,4642042
store,method-call-monomorphic,production-tiered,pair1,after,12,4655583
store,method-call-monomorphic,production-tiered,pair1,after,13,4641958
store,method-call-monomorphic,production-tiered,pair1,after,14,4640833
store,method-call-monomorphic,production-tiered,pair1,after,15,4650875
store,method-call-monomorphic,production-tiered,pair1,after,16,4640750
store,method-call-monomorphic,production-tiered,pair1,after,17,4673917
store,method-call-monomorphic,production-tiered,pair1,after,18,4640792
store,method-call-monomorphic,production-tiered,pair1,after,19,4661791
store,method-call-monomorphic,production-tiered,pair1,before,0,4641333
store,method-call-monomorphic,production-tiered,pair1,before,1,4651250
store,method-call-monomorphic,production-tiered,pair1,before,2,4642209
store,method-call-monomorphic,production-tiered,pair1,before,3,4644708
store,method-call-monomorphic,production-tiered,pair1,before,4,4645458
store,method-call-monomorphic,production-tiered,pair1,before,5,4640875
store,method-call-monomorphic,production-tiered,pair1,before,6,4675417
store,method-call-monomorphic,production-tiered,pair1,before,7,4642625
store,method-call-monomorphic,production-tiered,pair1,before,8,4643209
store,method-call-monomorphic,production-tiered,pair1,before,9,4640875
store,method-call-monomorphic,production-tiered,pair1,before,10,4652375
store,method-call-monomorphic,production-tiered,pair1,before,11,4647333
store,method-call-monomorphic,production-tiered,pair1,before,12,4648750
store,method-call-monomorphic,production-tiered,pair1,before,13,4645000
store,method-call-monomorphic,production-tiered,pair1,before,14,4640958
store,method-call-monomorphic,production-tiered,pair1,before,15,4645542
store,method-call-monomorphic,production-tiered,pair1,before,16,4640917
store,method-call-monomorphic,production-tiered,pair1,before,17,4650125
store,method-call-monomorphic,production-tiered,pair1,before,18,4640709
store,method-call-monomorphic,production-tiered,pair1,before,19,4640042
store,method-call-monomorphic,production-tiered,pair2,after,0,4640833
store,method-call-monomorphic,production-tiered,pair2,after,1,4640833
store,method-call-monomorphic,production-tiered,pair2,after,2,4649500
store,method-call-monomorphic,production-tiered,pair2,after,3,4644625
store,method-call-monomorphic,production-tiered,pair2,after,4,4672167
store,method-call-monomorphic,production-tiered,pair2,after,5,4640875
store,method-call-monomorphic,production-tiered,pair2,after,6,4643041
store,method-call-monomorphic,production-tiered,pair2,after,7,4642250
store,method-call-monomorphic,production-tiered,pair2,after,8,4645125
store,method-call-monomorphic,production-tiered,pair2,after,9,4638667
store,method-call-monomorphic,production-tiered,pair2,after,10,4646000
store,method-call-monomorphic,production-tiered,pair2,after,11,4640792
store,method-call-monomorphic,production-tiered,pair2,after,12,4639916
store,method-call-monomorphic,production-tiered,pair2,after,13,4640792
store,method-call-monomorphic,production-tiered,pair2,after,14,4648166
store,method-call-monomorphic,production-tiered,pair2,after,15,4653292
store,method-call-monomorphic,production-tiered,pair2,after,16,4647375
store,method-call-monomorphic,production-tiered,pair2,after,17,4647084
store,method-call-monomorphic,production-tiered,pair2,after,18,4691042
store,method-call-monomorphic,production-tiered,pair2,after,19,4649333
store,method-call-monomorphic,production-tiered,pair2,before,0,4647959
store,method-call-monomorphic,production-tiered,pair2,before,1,4647167
store,method-call-monomorphic,production-tiered,pair2,before,2,4645666
store,method-call-monomorphic,production-tiered,pair2,before,3,4665917
store,method-call-monomorphic,production-tiered,pair2,before,4,4664333
store,method-call-monomorphic,production-tiered,pair2,before,5,4640958
store,method-call-monomorphic,production-tiered,pair2,before,6,4645292
store,method-call-monomorphic,production-tiered,pair2,before,7,4677709
store,method-call-monomorphic,production-tiered,pair2,before,8,4662584
store,method-call-monomorphic,production-tiered,pair2,before,9,4638375
store,method-call-monomorphic,production-tiered,pair2,before,10,4669750
store,method-call-monomorphic,production-tiered,pair2,before,11,4653084
store,method-call-monomorphic,production-tiered,pair2,before,12,4664584
store,method-call-monomorphic,production-tiered,pair2,before,13,4641792
store,method-call-monomorphic,production-tiered,pair2,before,14,4642208
store,method-call-monomorphic,production-tiered,pair2,before,15,4642458
store,method-call-monomorphic,production-tiered,pair2,before,16,4638333
store,method-call-monomorphic,production-tiered,pair2,before,17,4657625
store,method-call-monomorphic,production-tiered,pair2,before,18,4642125
store,method-call-monomorphic,production-tiered,pair2,before,19,4645208
store,method-call-monomorphic,production-tiered,pair3,after,0,4645541
store,method-call-monomorphic,production-tiered,pair3,after,1,4643167
store,method-call-monomorphic,production-tiered,pair3,after,2,4661334
store,method-call-monomorphic,production-tiered,pair3,after,3,4638125
store,method-call-monomorphic,production-tiered,pair3,after,4,4645458
store,method-call-monomorphic,production-tiered,pair3,after,5,4640833
store,method-call-monomorphic,production-tiered,pair3,after,6,4647500
store,method-call-monomorphic,production-tiered,pair3,after,7,4647250
store,method-call-monomorphic,production-tiered,pair3,after,8,4669792
store,method-call-monomorphic,production-tiered,pair3,after,9,4640000
store,method-call-monomorphic,production-tiered,pair3,after,10,4646958
store,method-call-monomorphic,production-tiered,pair3,after,11,4648083
store,method-call-monomorphic,production-tiered,pair3,after,12,4645750
store,method-call-monomorphic,production-tiered,pair3,after,13,4645041
store,method-call-monomorphic,production-tiered,pair3,after,14,4666625
store,method-call-monomorphic,production-tiered,pair3,after,15,4645291
store,method-call-monomorphic,production-tiered,pair3,after,16,4640750
store,method-call-monomorphic,production-tiered,pair3,after,17,4655292
store,method-call-monomorphic,production-tiered,pair3,after,18,4640708
store,method-call-monomorphic,production-tiered,pair3,after,19,4645583
store,method-call-monomorphic,production-tiered,pair3,before,0,4644208
store,method-call-monomorphic,production-tiered,pair3,before,1,4640875
store,method-call-monomorphic,production-tiered,pair3,before,2,4667833
store,method-call-monomorphic,production-tiered,pair3,before,3,4647708
store,method-call-monomorphic,production-tiered,pair3,before,4,4645541
store,method-call-monomorphic,production-tiered,pair3,before,5,4640833
store,method-call-monomorphic,production-tiered,pair3,before,6,4642792
store,method-call-monomorphic,production-tiered,pair3,before,7,4644750
store,method-call-monomorphic,production-tiered,pair3,before,8,4645667
store,method-call-monomorphic,production-tiered,pair3,before,9,4639542
store,method-call-monomorphic,production-tiered,pair3,before,10,4644500
store,method-call-monomorphic,production-tiered,pair3,before,11,4709792
store,method-call-monomorphic,production-tiered,pair3,before,12,4771042
store,method-call-monomorphic,production-tiered,pair3,before,13,4798708
store,method-call-monomorphic,production-tiered,pair3,before,14,4823625
store,method-call-monomorphic,production-tiered,pair3,before,15,4919500
store,method-call-monomorphic,production-tiered,pair3,before,16,4933416
store,method-call-monomorphic,production-tiered,pair3,before,17,4751500
store,method-call-monomorphic,production-tiered,pair3,before,18,4789584
store,method-call-monomorphic,production-tiered,pair3,before,19,4851417
store,method-call-monomorphic,template,pair1,after,0,8111791
store,method-call-monomorphic,template,pair1,after,1,8150291
store,method-call-monomorphic,template,pair1,after,2,8264417
store,method-call-monomorphic,template,pair1,after,3,8086834
store,method-call-monomorphic,template,pair1,after,4,8099459
store,method-call-monomorphic,template,pair1,after,5,8306542
store,method-call-monomorphic,template,pair1,after,6,8250375
store,method-call-monomorphic,template,pair1,after,7,8178834
store,method-call-monomorphic,template,pair1,after,8,8069792
store,method-call-monomorphic,template,pair1,after,9,8283625
store,method-call-monomorphic,template,pair1,after,10,8112333
store,method-call-monomorphic,template,pair1,after,11,8219958
store,method-call-monomorphic,template,pair1,after,12,8116208
store,method-call-monomorphic,template,pair1,after,13,8226583
store,method-call-monomorphic,template,pair1,after,14,8221042
store,method-call-monomorphic,template,pair1,after,15,8257500
store,method-call-monomorphic,template,pair1,after,16,8076583
store,method-call-monomorphic,template,pair1,after,17,8280458
store,method-call-monomorphic,template,pair1,after,18,8280833
store,method-call-monomorphic,template,pair1,after,19,8296292
store,method-call-monomorphic,template,pair1,before,0,8214125
store,method-call-monomorphic,template,pair1,before,1,8299375
store,method-call-monomorphic,template,pair1,before,2,8388625
store,method-call-monomorphic,template,pair1,before,3,8464333
store,method-call-monomorphic,template,pair1,before,4,8280458
store,method-call-monomorphic,template,pair1,before,5,8347709
store,method-call-monomorphic,template,pair1,before,6,8286958
store,method-call-monomorphic,template,pair1,before,7,8330833
store,method-call-monomorphic,template,pair1,before,8,8266500
store,method-call-monomorphic,template,pair1,before,9,8279375
store,method-call-monomorphic,template,pair1,before,10,8196459
store,method-call-monomorphic,template,pair1,before,11,8317042
store,method-call-monomorphic,template,pair1,before,12,8234250
store,method-call-monomorphic,template,pair1,before,13,8469084
store,method-call-monomorphic,template,pair1,before,14,8296708
store,method-call-monomorphic,template,pair1,before,15,8333458
store,method-call-monomorphic,template,pair1,before,16,8297958
store,method-call-monomorphic,template,pair1,before,17,8379708
store,method-call-monomorphic,template,pair1,before,18,8060667
store,method-call-monomorphic,template,pair1,before,19,8144500
store,method-call-monomorphic,template,pair2,after,0,7985042
store,method-call-monomorphic,template,pair2,after,1,7915917
store,method-call-monomorphic,template,pair2,after,2,7871625
store,method-call-monomorphic,template,pair2,after,3,7979083
store,method-call-monomorphic,template,pair2,after,4,7977542
store,method-call-monomorphic,template,pair2,after,5,7977208
store,method-call-monomorphic,template,pair2,after,6,7978833
store,method-call-monomorphic,template,pair2,after,7,7968500
store,method-call-monomorphic,template,pair2,after,8,7978875
store,method-call-monomorphic,template,pair2,after,9,7975416
store,method-call-monomorphic,template,pair2,after,10,8002917
store,method-call-monomorphic,template,pair2,after,11,7976334
store,method-call-monomorphic,template,pair2,after,12,7969417
store,method-call-monomorphic,template,pair2,after,13,7974875
store,method-call-monomorphic,template,pair2,after,14,7975292
store,method-call-monomorphic,template,pair2,after,15,7957541
store,method-call-monomorphic,template,pair2,after,16,7976208
store,method-call-monomorphic,template,pair2,after,17,7965875
store,method-call-monomorphic,template,pair2,after,18,7994125
store,method-call-monomorphic,template,pair2,after,19,7998541
store,method-call-monomorphic,template,pair2,before,0,7974166
store,method-call-monomorphic,template,pair2,before,1,7979917
store,method-call-monomorphic,template,pair2,before,2,7975458
store,method-call-monomorphic,template,pair2,before,3,7982875
store,method-call-monomorphic,template,pair2,before,4,7985000
store,method-call-monomorphic,template,pair2,before,5,8005625
store,method-call-monomorphic,template,pair2,before,6,7978583
store,method-call-monomorphic,template,pair2,before,7,7981250
store,method-call-monomorphic,template,pair2,before,8,7973334
store,method-call-monomorphic,template,pair2,before,9,7976583
store,method-call-monomorphic,template,pair2,before,10,7972875
store,method-call-monomorphic,template,pair2,before,11,8007375
store,method-call-monomorphic,template,pair2,before,12,8027208
store,method-call-monomorphic,template,pair2,before,13,8019958
store,method-call-monomorphic,template,pair2,before,14,7977667
store,method-call-monomorphic,template,pair2,before,15,7980834
store,method-call-monomorphic,template,pair2,before,16,7990709
store,method-call-monomorphic,template,pair2,before,17,7977875
store,method-call-monomorphic,template,pair2,before,18,7974959
store,method-call-monomorphic,template,pair2,before,19,7990750
store,method-call-monomorphic,template,pair3,after,0,7979542
store,method-call-monomorphic,template,pair3,after,1,7970167
store,method-call-monomorphic,template,pair3,after,2,7978541
store,method-call-monomorphic,template,pair3,after,3,7980792
store,method-call-monomorphic,template,pair3,after,4,7980125
store,method-call-monomorphic,template,pair3,after,5,8000083
store,method-call-monomorphic,template,pair3,after,6,7892708
store,method-call-monomorphic,template,pair3,after,7,7890417
store,method-call-monomorphic,template,pair3,after,8,7861500
store,method-call-monomorphic,template,pair3,after,9,7865166
store,method-call-monomorphic,template,pair3,after,10,7899167
store,method-call-monomorphic,template,pair3,after,11,8079083
store,method-call-monomorphic,template,pair3,after,12,8098791
store,method-call-monomorphic,template,pair3,after,13,8119083
store,method-call-monomorphic,template,pair3,after,14,8078042
store,method-call-monomorphic,template,pair3,after,15,8108667
store,method-call-monomorphic,template,pair3,after,16,8095458
store,method-call-monomorphic,template,pair3,after,17,8106500
store,method-call-monomorphic,template,pair3,after,18,8114209
store,method-call-monomorphic,template,pair3,after,19,8107958
store,method-call-monomorphic,template,pair3,before,0,8270750
store,method-call-monomorphic,template,pair3,before,1,8220458
store,method-call-monomorphic,template,pair3,before,2,7949500
store,method-call-monomorphic,template,pair3,before,3,7979292
store,method-call-monomorphic,template,pair3,before,4,7970042
store,method-call-monomorphic,template,pair3,before,5,7975458
store,method-call-monomorphic,template,pair3,before,6,8050667
store,method-call-monomorphic,template,pair3,before,7,8013375
store,method-call-monomorphic,template,pair3,before,8,8015417
store,method-call-monomorphic,template,pair3,before,9,7994250
store,method-call-monomorphic,template,pair3,before,10,7968334
store,method-call-monomorphic,template,pair3,before,11,7990625
store,method-call-monomorphic,template,pair3,before,12,7972875
store,method-call-monomorphic,template,pair3,before,13,7975459
store,method-call-monomorphic,template,pair3,before,14,7974167
store,method-call-monomorphic,template,pair3,before,15,7995500
store,method-call-monomorphic,template,pair3,before,16,7973708
store,method-call-monomorphic,template,pair3,before,17,8000000
store,method-call-monomorphic,template,pair3,before,18,7998125
store,method-call-monomorphic,template,pair3,before,19,7976334
store,property-polymorphic,interpreter,pair1,after,0,140371083
store,property-polymorphic,interpreter,pair1,after,1,139962917
store,property-polymorphic,interpreter,pair1,after,2,140502000
store,property-polymorphic,interpreter,pair1,after,3,140217834
store,property-polymorphic,interpreter,pair1,after,4,144808167
store,property-polymorphic,interpreter,pair1,after,5,139685834
store,property-polymorphic,interpreter,pair1,after,6,139324917
store,property-polymorphic,interpreter,pair1,after,7,139554250
store,property-polymorphic,interpreter,pair1,after,8,139766708
store,property-polymorphic,interpreter,pair1,after,9,140492000
store,property-polymorphic,interpreter,pair1,after,10,141111209
store,property-polymorphic,interpreter,pair1,after,11,140017750
store,property-polymorphic,interpreter,pair1,after,12,140291375
store,property-polymorphic,interpreter,pair1,after,13,140025792
store,property-polymorphic,interpreter,pair1,after,14,139836541
store,property-polymorphic,interpreter,pair1,after,15,140125417
store,property-polymorphic,interpreter,pair1,after,16,139996333
store,property-polymorphic,interpreter,pair1,after,17,139677542
store,property-polymorphic,interpreter,pair1,after,18,139451541
store,property-polymorphic,interpreter,pair1,after,19,139102917
store,property-polymorphic,interpreter,pair1,before,0,138630500
store,property-polymorphic,interpreter,pair1,before,1,138836584
store,property-polymorphic,interpreter,pair1,before,2,140646250
store,property-polymorphic,interpreter,pair1,before,3,139095875
store,property-polymorphic,interpreter,pair1,before,4,138723125
store,property-polymorphic,interpreter,pair1,before,5,138872208
store,property-polymorphic,interpreter,pair1,before,6,139638417
store,property-polymorphic,interpreter,pair1,before,7,146853917
store,property-polymorphic,interpreter,pair1,before,8,140014708
store,property-polymorphic,interpreter,pair1,before,9,139978250
store,property-polymorphic,interpreter,pair1,before,10,139069875
store,property-polymorphic,interpreter,pair1,before,11,138242375
store,property-polymorphic,interpreter,pair1,before,12,138307083
store,property-polymorphic,interpreter,pair1,before,13,138175666
store,property-polymorphic,interpreter,pair1,before,14,138838208
store,property-polymorphic,interpreter,pair1,before,15,138598583
store,property-polymorphic,interpreter,pair1,before,16,140236750
store,property-polymorphic,interpreter,pair1,before,17,138547583
store,property-polymorphic,interpreter,pair1,before,18,138844458
store,property-polymorphic,interpreter,pair1,before,19,139337333
store,property-polymorphic,interpreter,pair2,after,0,136380667
store,property-polymorphic,interpreter,pair2,after,1,138052625
store,property-polymorphic,interpreter,pair2,after,2,138832584
store,property-polymorphic,interpreter,pair2,after,3,137552500
store,property-polymorphic,interpreter,pair2,after,4,136290125
store,property-polymorphic,interpreter,pair2,after,5,135764833
store,property-polymorphic,interpreter,pair2,after,6,135926833
store,property-polymorphic,interpreter,pair2,after,7,137901750
store,property-polymorphic,interpreter,pair2,after,8,136878041
store,property-polymorphic,interpreter,pair2,after,9,136753125
store,property-polymorphic,interpreter,pair2,after,10,136839875
store,property-polymorphic,interpreter,pair2,after,11,136773625
store,property-polymorphic,interpreter,pair2,after,12,137012792
store,property-polymorphic,interpreter,pair2,after,13,137433958
store,property-polymorphic,interpreter,pair2,after,14,136211625
store,property-polymorphic,interpreter,pair2,after,15,136816166
store,property-polymorphic,interpreter,pair2,after,16,136973667
store,property-polymorphic,interpreter,pair2,after,17,138199458
store,property-polymorphic,interpreter,pair2,after,18,137568750
store,property-polymorphic,interpreter,pair2,after,19,136284625
store,property-polymorphic,interpreter,pair2,before,0,138397875
store,property-polymorphic,interpreter,pair2,before,1,138830667
store,property-polymorphic,interpreter,pair2,before,2,138718209
store,property-polymorphic,interpreter,pair2,before,3,140881666
store,property-polymorphic,interpreter,pair2,before,4,140211917
store,property-polymorphic,interpreter,pair2,before,5,138964250
store,property-polymorphic,interpreter,pair2,before,6,138952000
store,property-polymorphic,interpreter,pair2,before,7,139039250
store,property-polymorphic,interpreter,pair2,before,8,142035917
store,property-polymorphic,interpreter,pair2,before,9,140128834
store,property-polymorphic,interpreter,pair2,before,10,140095208
store,property-polymorphic,interpreter,pair2,before,11,138296334
store,property-polymorphic,interpreter,pair2,before,12,138840084
store,property-polymorphic,interpreter,pair2,before,13,138890750
store,property-polymorphic,interpreter,pair2,before,14,138601959
store,property-polymorphic,interpreter,pair2,before,15,138188541
store,property-polymorphic,interpreter,pair2,before,16,138930584
store,property-polymorphic,interpreter,pair2,before,17,139003916
store,property-polymorphic,interpreter,pair2,before,18,139312458
store,property-polymorphic,interpreter,pair2,before,19,139123500
store,property-polymorphic,interpreter,pair3,after,0,139903958
store,property-polymorphic,interpreter,pair3,after,1,139321541
store,property-polymorphic,interpreter,pair3,after,2,139430375
store,property-polymorphic,interpreter,pair3,after,3,139616209
store,property-polymorphic,interpreter,pair3,after,4,139663042
store,property-polymorphic,interpreter,pair3,after,5,139639625
store,property-polymorphic,interpreter,pair3,after,6,139041750
store,property-polymorphic,interpreter,pair3,after,7,139310500
store,property-polymorphic,interpreter,pair3,after,8,139741875
store,property-polymorphic,interpreter,pair3,after,9,140787125
store,property-polymorphic,interpreter,pair3,after,10,139072042
store,property-polymorphic,interpreter,pair3,after,11,139719000
store,property-polymorphic,interpreter,pair3,after,12,138884917
store,property-polymorphic,interpreter,pair3,after,13,139236542
store,property-polymorphic,interpreter,pair3,after,14,139732208
store,property-polymorphic,interpreter,pair3,after,15,140362916
store,property-polymorphic,interpreter,pair3,after,16,139915167
store,property-polymorphic,interpreter,pair3,after,17,139181417
store,property-polymorphic,interpreter,pair3,after,18,139157834
store,property-polymorphic,interpreter,pair3,after,19,140853542
store,property-polymorphic,interpreter,pair3,before,0,139033959
store,property-polymorphic,interpreter,pair3,before,1,140331084
store,property-polymorphic,interpreter,pair3,before,2,139374750
store,property-polymorphic,interpreter,pair3,before,3,139941125
store,property-polymorphic,interpreter,pair3,before,4,138868000
store,property-polymorphic,interpreter,pair3,before,5,140042834
store,property-polymorphic,interpreter,pair3,before,6,139663000
store,property-polymorphic,interpreter,pair3,before,7,139425541
store,property-polymorphic,interpreter,pair3,before,8,140154125
store,property-polymorphic,interpreter,pair3,before,9,140671750
store,property-polymorphic,interpreter,pair3,before,10,139542041
store,property-polymorphic,interpreter,pair3,before,11,139778709
store,property-polymorphic,interpreter,pair3,before,12,142143334
store,property-polymorphic,interpreter,pair3,before,13,139560417
store,property-polymorphic,interpreter,pair3,before,14,140776875
store,property-polymorphic,interpreter,pair3,before,15,141750209
store,property-polymorphic,interpreter,pair3,before,16,139077417
store,property-polymorphic,interpreter,pair3,before,17,139477375
store,property-polymorphic,interpreter,pair3,before,18,139409708
store,property-polymorphic,interpreter,pair3,before,19,138996084
store,property-polymorphic,production-tiered,pair1,after,0,9637459
store,property-polymorphic,production-tiered,pair1,after,1,9661875
store,property-polymorphic,production-tiered,pair1,after,2,9692250
store,property-polymorphic,production-tiered,pair1,after,3,9671541
store,property-polymorphic,production-tiered,pair1,after,4,9687417
store,property-polymorphic,production-tiered,pair1,after,5,9673459
store,property-polymorphic,production-tiered,pair1,after,6,9672208
store,property-polymorphic,production-tiered,pair1,after,7,9672333
store,property-polymorphic,production-tiered,pair1,after,8,9663458
store,property-polymorphic,production-tiered,pair1,after,9,9644417
store,property-polymorphic,production-tiered,pair1,after,10,9668291
store,property-polymorphic,production-tiered,pair1,after,11,9661375
store,property-polymorphic,production-tiered,pair1,after,12,9688083
store,property-polymorphic,production-tiered,pair1,after,13,9646375
store,property-polymorphic,production-tiered,pair1,after,14,9670750
store,property-polymorphic,production-tiered,pair1,after,15,9676459
store,property-polymorphic,production-tiered,pair1,after,16,9648416
store,property-polymorphic,production-tiered,pair1,after,17,9638333
store,property-polymorphic,production-tiered,pair1,after,18,9642208
store,property-polymorphic,production-tiered,pair1,after,19,9645875
store,property-polymorphic,production-tiered,pair1,before,0,9709125
store,property-polymorphic,production-tiered,pair1,before,1,9675709
store,property-polymorphic,production-tiered,pair1,before,2,9639083
store,property-polymorphic,production-tiered,pair1,before,3,9642000
store,property-polymorphic,production-tiered,pair1,before,4,9641667
store,property-polymorphic,production-tiered,pair1,before,5,9635167
store,property-polymorphic,production-tiered,pair1,before,6,9655416
store,property-polymorphic,production-tiered,pair1,before,7,9630708
store,property-polymorphic,production-tiered,pair1,before,8,9641000
store,property-polymorphic,production-tiered,pair1,before,9,9645041
store,property-polymorphic,production-tiered,pair1,before,10,9635125
store,property-polymorphic,production-tiered,pair1,before,11,9658209
store,property-polymorphic,production-tiered,pair1,before,12,9655250
store,property-polymorphic,production-tiered,pair1,before,13,9656334
store,property-polymorphic,production-tiered,pair1,before,14,9639292
store,property-polymorphic,production-tiered,pair1,before,15,9638208
store,property-polymorphic,production-tiered,pair1,before,16,9648875
store,property-polymorphic,production-tiered,pair1,before,17,9672917
store,property-polymorphic,production-tiered,pair1,before,18,9638833
store,property-polymorphic,production-tiered,pair1,before,19,9642542
store,property-polymorphic,production-tiered,pair2,after,0,9672792
store,property-polymorphic,production-tiered,pair2,after,1,9646625
store,property-polymorphic,production-tiered,pair2,after,2,10006958
store,property-polymorphic,production-tiered,pair2,after,3,9638916
store,property-polymorphic,production-tiered,pair2,after,4,9642833
store,property-polymorphic,production-tiered,pair2,after,5,9637042
store,property-polymorphic,production-tiered,pair2,after,6,9699709
store,property-polymorphic,production-tiered,pair2,after,7,9639875
store,property-polymorphic,production-tiered,pair2,after,8,9648125
store,property-polymorphic,production-tiered,pair2,after,9,9635042
store,property-polymorphic,production-tiered,pair2,after,10,9642000
store,property-polymorphic,production-tiered,pair2,after,11,9654458
store,property-polymorphic,production-tiered,pair2,after,12,9657417
store,property-polymorphic,production-tiered,pair2,after,13,9657042
store,property-polymorphic,production-tiered,pair2,after,14,9803666
store,property-polymorphic,production-tiered,pair2,after,15,9894000
store,property-polymorphic,production-tiered,pair2,after,16,9823959
store,property-polymorphic,production-tiered,pair2,after,17,9928125
store,property-polymorphic,production-tiered,pair2,after,18,9803084
store,property-polymorphic,production-tiered,pair2,after,19,9808625
store,property-polymorphic,production-tiered,pair2,before,0,9639417
store,property-polymorphic,production-tiered,pair2,before,1,9663791
store,property-polymorphic,production-tiered,pair2,before,2,9634792
store,property-polymorphic,production-tiered,pair2,before,3,9644458
store,property-polymorphic,production-tiered,pair2,before,4,9667792
store,property-polymorphic,production-tiered,pair2,before,5,9642250
store,property-polymorphic,production-tiered,pair2,before,6,9643000
store,property-polymorphic,production-tiered,pair2,before,7,9641708
store,property-polymorphic,production-tiered,pair2,before,8,9718583
store,property-polymorphic,production-tiered,pair2,before,9,9667834
store,property-polymorphic,production-tiered,pair2,before,10,9639792
store,property-polymorphic,production-tiered,pair2,before,11,9660541
store,property-polymorphic,production-tiered,pair2,before,12,9639417
store,property-polymorphic,production-tiered,pair2,before,13,9639541
store,property-polymorphic,production-tiered,pair2,before,14,9632625
store,property-polymorphic,production-tiered,pair2,before,15,9660708
store,property-polymorphic,production-tiered,pair2,before,16,9637875
store,property-polymorphic,production-tiered,pair2,before,17,9642667
store,property-polymorphic,production-tiered,pair2,before,18,9637625
store,property-polymorphic,production-tiered,pair2,before,19,9646792
store,property-polymorphic,production-tiered,pair3,after,0,9971291
store,property-polymorphic,production-tiered,pair3,after,1,10303958
store,property-polymorphic,production-tiered,pair3,after,2,9668500
store,property-polymorphic,production-tiered,pair3,after,3,9659167
store,property-polymorphic,production-tiered,pair3,after,4,9636709
store,property-polymorphic,production-tiered,pair3,after,5,9641208
store,property-polymorphic,production-tiered,pair3,after,6,9638334
store,property-polymorphic,production-tiered,pair3,after,7,9641625
store,property-polymorphic,production-tiered,pair3,after,8,9639417
store,property-polymorphic,production-tiered,pair3,after,9,9639667
store,property-polymorphic,production-tiered,pair3,after,10,9678750
store,property-polymorphic,production-tiered,pair3,after,11,9641750
store,property-polymorphic,production-tiered,pair3,after,12,9644541
store,property-polymorphic,production-tiered,pair3,after,13,9639625
store,property-polymorphic,production-tiered,pair3,after,14,9754041
store,property-polymorphic,production-tiered,pair3,after,15,9640292
store,property-polymorphic,production-tiered,pair3,after,16,9646416
store,property-polymorphic,production-tiered,pair3,after,17,9639541
store,property-polymorphic,production-tiered,pair3,after,18,9638292
store,property-polymorphic,production-tiered,pair3,after,19,9640333
store,property-polymorphic,production-tiered,pair3,before,0,9644000
store,property-polymorphic,production-tiered,pair3,before,1,9659417
store,property-polymorphic,production-tiered,pair3,before,2,9666375
store,property-polymorphic,production-tiered,pair3,before,3,9639625
store,property-polymorphic,production-tiered,pair3,before,4,9641833
store,property-polymorphic,production-tiered,pair3,before,5,9634875
store,property-polymorphic,production-tiered,pair3,before,6,9659667
store,property-polymorphic,production-tiered,pair3,before,7,9957500
store,property-polymorphic,production-tiered,pair3,before,8,9639625
store,property-polymorphic,production-tiered,pair3,before,9,9670583
store,property-polymorphic,production-tiered,pair3,before,10,9649250
store,property-polymorphic,production-tiered,pair3,before,11,9644584
store,property-polymorphic,production-tiered,pair3,before,12,9642042
store,property-polymorphic,production-tiered,pair3,before,13,9640041
store,property-polymorphic,production-tiered,pair3,before,14,9636542
store,property-polymorphic,production-tiered,pair3,before,15,9635666
store,property-polymorphic,production-tiered,pair3,before,16,9672583
store,property-polymorphic,production-tiered,pair3,before,17,9668875
store,property-polymorphic,production-tiered,pair3,before,18,9640333
store,property-polymorphic,production-tiered,pair3,before,19,9639125
store,property-polymorphic,template,pair1,after,0,76611458
store,property-polymorphic,template,pair1,after,1,77302167
store,property-polymorphic,template,pair1,after,2,77457458
store,property-polymorphic,template,pair1,after,3,77761833
store,property-polymorphic,template,pair1,after,4,77111375
store,property-polymorphic,template,pair1,after,5,76395417
store,property-polymorphic,template,pair1,after,6,76200750
store,property-polymorphic,template,pair1,after,7,76361334
store,property-polymorphic,template,pair1,after,8,76789000
store,property-polymorphic,template,pair1,after,9,76941083
store,property-polymorphic,template,pair1,after,10,76553917
store,property-polymorphic,template,pair1,after,11,76327750
store,property-polymorphic,template,pair1,after,12,76589333
store,property-polymorphic,template,pair1,after,13,76383750
store,property-polymorphic,template,pair1,after,14,77362458
store,property-polymorphic,template,pair1,after,15,77592375
store,property-polymorphic,template,pair1,after,16,76418333
store,property-polymorphic,template,pair1,after,17,76048416
store,property-polymorphic,template,pair1,after,18,77533250
store,property-polymorphic,template,pair1,after,19,76887083
store,property-polymorphic,template,pair1,before,0,76249084
store,property-polymorphic,template,pair1,before,1,76342041
store,property-polymorphic,template,pair1,before,2,76903417
store,property-polymorphic,template,pair1,before,3,77041417
store,property-polymorphic,template,pair1,before,4,78068542
store,property-polymorphic,template,pair1,before,5,76863917
store,property-polymorphic,template,pair1,before,6,77574708
store,property-polymorphic,template,pair1,before,7,75997958
store,property-polymorphic,template,pair1,before,8,76974875
store,property-polymorphic,template,pair1,before,9,76599917
store,property-polymorphic,template,pair1,before,10,76527917
store,property-polymorphic,template,pair1,before,11,76086000
store,property-polymorphic,template,pair1,before,12,76580083
store,property-polymorphic,template,pair1,before,13,76517083
store,property-polymorphic,template,pair1,before,14,77326542
store,property-polymorphic,template,pair1,before,15,76902458
store,property-polymorphic,template,pair1,before,16,76370333
store,property-polymorphic,template,pair1,before,17,76520834
store,property-polymorphic,template,pair1,before,18,75858292
store,property-polymorphic,template,pair1,before,19,76367125
store,property-polymorphic,template,pair2,after,0,76824709
store,property-polymorphic,template,pair2,after,1,77756250
store,property-polymorphic,template,pair2,after,2,77488084
store,property-polymorphic,template,pair2,after,3,77571542
store,property-polymorphic,template,pair2,after,4,76989208
store,property-polymorphic,template,pair2,after,5,78260084
store,property-polymorphic,template,pair2,after,6,77299500
store,property-polymorphic,template,pair2,after,7,76896542
store,property-polymorphic,template,pair2,after,8,77584833
store,property-polymorphic,template,pair2,after,9,77142708
store,property-polymorphic,template,pair2,after,10,78671917
store,property-polymorphic,template,pair2,after,11,77592209
store,property-polymorphic,template,pair2,after,12,76995042
store,property-polymorphic,template,pair2,after,13,77924875
store,property-polymorphic,template,pair2,after,14,78616292
store,property-polymorphic,template,pair2,after,15,77172041
store,property-polymorphic,template,pair2,after,16,77868417
store,property-polymorphic,template,pair2,after,17,77544292
store,property-polymorphic,template,pair2,after,18,77582584
store,property-polymorphic,template,pair2,after,19,76971500
store,property-polymorphic,template,pair2,before,0,76046334
store,property-polymorphic,template,pair2,before,1,76078125
store,property-polymorphic,template,pair2,before,2,76411667
store,property-polymorphic,template,pair2,before,3,76976291
store,property-polymorphic,template,pair2,before,4,76535458
store,property-polymorphic,template,pair2,before,5,76679292
store,property-polymorphic,template,pair2,before,6,76565833
store,property-polymorphic,template,pair2,before,7,76173958
store,property-polymorphic,template,pair2,before,8,75561000
store,property-polymorphic,template,pair2,before,9,75735042
store,property-polymorphic,template,pair2,before,10,77344542
store,property-polymorphic,template,pair2,before,11,75547250
store,property-polymorphic,template,pair2,before,12,76172042
store,property-polymorphic,template,pair2,before,13,76360708
store,property-polymorphic,template,pair2,before,14,75706875
store,property-polymorphic,template,pair2,before,15,76337958
store,property-polymorphic,template,pair2,before,16,76307583
store,property-polymorphic,template,pair2,before,17,76091209
store,property-polymorphic,template,pair2,before,18,76613125
store,property-polymorphic,template,pair2,before,19,76346542
store,property-polymorphic,template,pair3,after,0,76347542
store,property-polymorphic,template,pair3,after,1,76549125
store,property-polymorphic,template,pair3,after,2,77366166
store,property-polymorphic,template,pair3,after,3,77156291
store,property-polymorphic,template,pair3,after,4,77394834
store,property-polymorphic,template,pair3,after,5,76167333
store,property-polymorphic,template,pair3,after,6,76416750
store,property-polymorphic,template,pair3,after,7,76435208
store,property-polymorphic,template,pair3,after,8,75942167
store,property-polymorphic,template,pair3,after,9,75905375
store,property-polymorphic,template,pair3,after,10,76930167
store,property-polymorphic,template,pair3,after,11,76110125
store,property-polymorphic,template,pair3,after,12,76694125
store,property-polymorphic,template,pair3,after,13,76227208
store,property-polymorphic,template,pair3,after,14,76228416
store,property-polymorphic,template,pair3,after,15,76552917
store,property-polymorphic,template,pair3,after,16,76396083
store,property-polymorphic,template,pair3,after,17,76027167
store,property-polymorphic,template,pair3,after,18,76227417
store,property-polymorphic,template,pair3,after,19,76281041
store,property-polymorphic,template,pair3,before,0,76817417
store,property-polymorphic,template,pair3,before,1,77417667
store,property-polymorphic,template,pair3,before,2,77170833
store,property-polymorphic,template,pair3,before,3,76638291
store,property-polymorphic,template,pair3,before,4,76916791
store,property-polymorphic,template,pair3,before,5,77541500
store,property-polymorphic,template,pair3,before,6,77018667
store,property-polymorphic,template,pair3,before,7,76170042
store,property-polymorphic,template,pair3,before,8,75970291
store,property-polymorphic,template,pair3,before,9,76455375
store,property-polymorphic,template,pair3,before,10,76684375
store,property-polymorphic,template,pair3,before,11,76687542
store,property-polymorphic,template,pair3,before,12,76658041
store,property-polymorphic,template,pair3,before,13,75940958
store,property-polymorphic,template,pair3,before,14,76405125
store,property-polymorphic,template,pair3,before,15,77418417
store,property-polymorphic,template,pair3,before,16,80741459
store,property-polymorphic,template,pair3,before,17,76197167
store,property-polymorphic,template,pair3,before,18,75858084
store,property-polymorphic,template,pair3,before,19,78551834
store,string-concat,interpreter,pair1,after,0,42934125
store,string-concat,interpreter,pair1,after,1,43015667
store,string-concat,interpreter,pair1,after,2,43312042
store,string-concat,interpreter,pair1,after,3,42996833
store,string-concat,interpreter,pair1,after,4,43154083
store,string-concat,interpreter,pair1,after,5,48089500
store,string-concat,interpreter,pair1,after,6,42911833
store,string-concat,interpreter,pair1,after,7,42919125
store,string-concat,interpreter,pair1,after,8,43346083
store,string-concat,interpreter,pair1,after,9,43128500
store,string-concat,interpreter,pair1,after,10,43088125
store,string-concat,interpreter,pair1,after,11,42901375
store,string-concat,interpreter,pair1,after,12,47808958
store,string-concat,interpreter,pair1,after,13,42944167
store,string-concat,interpreter,pair1,after,14,43551708
store,string-concat,interpreter,pair1,after,15,42910541
store,string-concat,interpreter,pair1,after,16,43191416
store,string-concat,interpreter,pair1,after,17,43211959
store,string-concat,interpreter,pair1,after,18,45418417
store,string-concat,interpreter,pair1,after,19,49833583
store,string-concat,interpreter,pair1,before,0,43048958
store,string-concat,interpreter,pair1,before,1,43216083
store,string-concat,interpreter,pair1,before,2,43306750
store,string-concat,interpreter,pair1,before,3,43666125
store,string-concat,interpreter,pair1,before,4,43366125
store,string-concat,interpreter,pair1,before,5,48258333
store,string-concat,interpreter,pair1,before,6,43552709
store,string-concat,interpreter,pair1,before,7,43167959
store,string-concat,interpreter,pair1,before,8,42999916
store,string-concat,interpreter,pair1,before,9,43381417
store,string-concat,interpreter,pair1,before,10,43175458
store,string-concat,interpreter,pair1,before,11,43196708
store,string-concat,interpreter,pair1,before,12,48103125
store,string-concat,interpreter,pair1,before,13,43167375
store,string-concat,interpreter,pair1,before,14,43113417
store,string-concat,interpreter,pair1,before,15,43308375
store,string-concat,interpreter,pair1,before,16,42979959
store,string-concat,interpreter,pair1,before,17,43212208
store,string-concat,interpreter,pair1,before,18,45839583
store,string-concat,interpreter,pair1,before,19,51041750
store,string-concat,interpreter,pair2,after,0,44560625
store,string-concat,interpreter,pair2,after,1,43330584
store,string-concat,interpreter,pair2,after,2,43256666
store,string-concat,interpreter,pair2,after,3,43264250
store,string-concat,interpreter,pair2,after,4,43305917
store,string-concat,interpreter,pair2,after,5,48271375
store,string-concat,interpreter,pair2,after,6,43445166
store,string-concat,interpreter,pair2,after,7,43038625
store,string-concat,interpreter,pair2,after,8,43263416
store,string-concat,interpreter,pair2,after,9,43228125
store,string-concat,interpreter,pair2,after,10,43490666
store,string-concat,interpreter,pair2,after,11,43155542
store,string-concat,interpreter,pair2,after,12,48445208
store,string-concat,interpreter,pair2,after,13,43227584
store,string-concat,interpreter,pair2,after,14,43004416
store,string-concat,interpreter,pair2,after,15,43294042
store,string-concat,interpreter,pair2,after,16,43126541
store,string-concat,interpreter,pair2,after,17,42932292
store,string-concat,interpreter,pair2,after,18,43162875
store,string-concat,interpreter,pair2,after,19,48054209
store,string-concat,interpreter,pair2,before,0,43253000
store,string-concat,interpreter,pair2,before,1,43308083
store,string-concat,interpreter,pair2,before,2,43239416
store,string-concat,interpreter,pair2,before,3,43270458
store,string-concat,interpreter,pair2,before,4,43180333
store,string-concat,interpreter,pair2,before,5,48651500
store,string-concat,interpreter,pair2,before,6,43556791
store,string-concat,interpreter,pair2,before,7,43450292
store,string-concat,interpreter,pair2,before,8,43183084
store,string-concat,interpreter,pair2,before,9,43424042
store,string-concat,interpreter,pair2,before,10,44862708
store,string-concat,interpreter,pair2,before,11,43728625
store,string-concat,interpreter,pair2,before,12,49100375
store,string-concat,interpreter,pair2,before,13,43549292
store,string-concat,interpreter,pair2,before,14,43999750
store,string-concat,interpreter,pair2,before,15,43142417
store,string-concat,interpreter,pair2,before,16,43198583
store,string-concat,interpreter,pair2,before,17,43563333
store,string-concat,interpreter,pair2,before,18,43195541
store,string-concat,interpreter,pair2,before,19,48635167
store,string-concat,interpreter,pair3,after,0,43004459
store,string-concat,interpreter,pair3,after,1,43072209
store,string-concat,interpreter,pair3,after,2,43169625
store,string-concat,interpreter,pair3,after,3,43143959
store,string-concat,interpreter,pair3,after,4,43096042
store,string-concat,interpreter,pair3,after,5,48241417
store,string-concat,interpreter,pair3,after,6,44793916
store,string-concat,interpreter,pair3,after,7,44380292
store,string-concat,interpreter,pair3,after,8,44602875
store,string-concat,interpreter,pair3,after,9,47315500
store,string-concat,interpreter,pair3,after,10,45990125
store,string-concat,interpreter,pair3,after,11,43165458
store,string-concat,interpreter,pair3,after,12,48094958
store,string-concat,interpreter,pair3,after,13,43019375
store,string-concat,interpreter,pair3,after,14,43071916
store,string-concat,interpreter,pair3,after,15,43247167
store,string-concat,interpreter,pair3,after,16,43266375
store,string-concat,interpreter,pair3,after,17,43371500
store,string-concat,interpreter,pair3,after,18,43657417
store,string-concat,interpreter,pair3,after,19,48258542
store,string-concat,interpreter,pair3,before,0,44831667
store,string-concat,interpreter,pair3,before,1,45745916
store,string-concat,interpreter,pair3,before,2,43177500
store,string-concat,interpreter,pair3,before,3,42913458
store,string-concat,interpreter,pair3,before,4,43094250
store,string-concat,interpreter,pair3,before,5,48188000
store,string-concat,interpreter,pair3,before,6,43201625
store,string-concat,interpreter,pair3,before,7,42998625
store,string-concat,interpreter,pair3,before,8,42903166
store,string-concat,interpreter,pair3,before,9,42814000
store,string-concat,interpreter,pair3,before,10,42971458
store,string-concat,interpreter,pair3,before,11,42903833
store,string-concat,interpreter,pair3,before,12,48159208
store,string-concat,interpreter,pair3,before,13,43127333
store,string-concat,interpreter,pair3,before,14,42965333
store,string-concat,interpreter,pair3,before,15,44200791
store,string-concat,interpreter,pair3,before,16,43099208
store,string-concat,interpreter,pair3,before,17,42946250
store,string-concat,interpreter,pair3,before,18,42956250
store,string-concat,interpreter,pair3,before,19,47934167
store,string-concat,production-tiered,pair1,after,0,13941250
store,string-concat,production-tiered,pair1,after,1,12556208
store,string-concat,production-tiered,pair1,after,2,13312041
store,string-concat,production-tiered,pair1,after,3,13314125
store,string-concat,production-tiered,pair1,after,4,12405958
store,string-concat,production-tiered,pair1,after,5,13280959
store,string-concat,production-tiered,pair1,after,6,13280042
store,string-concat,production-tiered,pair1,after,7,12401375
store,string-concat,production-tiered,pair1,after,8,13255458
store,string-concat,production-tiered,pair1,after,9,13292708
store,string-concat,production-tiered,pair1,after,10,12418458
store,string-concat,production-tiered,pair1,after,11,13267750
store,string-concat,production-tiered,pair1,after,12,13274500
store,string-concat,production-tiered,pair1,after,13,12454500
store,string-concat,production-tiered,pair1,after,14,13282417
store,string-concat,production-tiered,pair1,after,15,13280083
store,string-concat,production-tiered,pair1,after,16,12396750
store,string-concat,production-tiered,pair1,after,17,13281500
store,string-concat,production-tiered,pair1,after,18,13302959
store,string-concat,production-tiered,pair1,after,19,12455917
store,string-concat,production-tiered,pair1,before,0,13781209
store,string-concat,production-tiered,pair1,before,1,12824542
store,string-concat,production-tiered,pair1,before,2,13514375
store,string-concat,production-tiered,pair1,before,3,13272417
store,string-concat,production-tiered,pair1,before,4,12410541
store,string-concat,production-tiered,pair1,before,5,13255250
store,string-concat,production-tiered,pair1,before,6,13243750
store,string-concat,production-tiered,pair1,before,7,12421292
store,string-concat,production-tiered,pair1,before,8,13341000
store,string-concat,production-tiered,pair1,before,9,13262083
store,string-concat,production-tiered,pair1,before,10,12424875
store,string-concat,production-tiered,pair1,before,11,13271916
store,string-concat,production-tiered,pair1,before,12,13265459
store,string-concat,production-tiered,pair1,before,13,12420042
store,string-concat,production-tiered,pair1,before,14,13277042
store,string-concat,production-tiered,pair1,before,15,13281250
store,string-concat,production-tiered,pair1,before,16,12408542
store,string-concat,production-tiered,pair1,before,17,13279084
store,string-concat,production-tiered,pair1,before,18,13291625
store,string-concat,production-tiered,pair1,before,19,12411000
store,string-concat,production-tiered,pair2,after,0,13294375
store,string-concat,production-tiered,pair2,after,1,12513458
store,string-concat,production-tiered,pair2,after,2,13539542
store,string-concat,production-tiered,pair2,after,3,14282792
store,string-concat,production-tiered,pair2,after,4,12871583
store,string-concat,production-tiered,pair2,after,5,13638583
store,string-concat,production-tiered,pair2,after,6,13825333
store,string-concat,production-tiered,pair2,after,7,12686875
store,string-concat,production-tiered,pair2,after,8,13327000
store,string-concat,production-tiered,pair2,after,9,13332458
store,string-concat,production-tiered,pair2,after,10,12449500
store,string-concat,production-tiered,pair2,after,11,13280375
store,string-concat,production-tiered,pair2,after,12,13308125
store,string-concat,production-tiered,pair2,after,13,12519125
store,string-concat,production-tiered,pair2,after,14,13343500
store,string-concat,production-tiered,pair2,after,15,13325167
store,string-concat,production-tiered,pair2,after,16,12677000
store,string-concat,production-tiered,pair2,after,17,13344583
store,string-concat,production-tiered,pair2,after,18,13555917
store,string-concat,production-tiered,pair2,after,19,12495209
store,string-concat,production-tiered,pair2,before,0,13275333
store,string-concat,production-tiered,pair2,before,1,12418292
store,string-concat,production-tiered,pair2,before,2,13260959
store,string-concat,production-tiered,pair2,before,3,13331959
store,string-concat,production-tiered,pair2,before,4,12662125
store,string-concat,production-tiered,pair2,before,5,14077209
store,string-concat,production-tiered,pair2,before,6,13911584
store,string-concat,production-tiered,pair2,before,7,12413875
store,string-concat,production-tiered,pair2,before,8,13285583
store,string-concat,production-tiered,pair2,before,9,13398542
store,string-concat,production-tiered,pair2,before,10,12422916
store,string-concat,production-tiered,pair2,before,11,13311167
store,string-concat,production-tiered,pair2,before,12,13334083
store,string-concat,production-tiered,pair2,before,13,12436167
store,string-concat,production-tiered,pair2,before,14,13327458
store,string-concat,production-tiered,pair2,before,15,13318791
store,string-concat,production-tiered,pair2,before,16,12438042
store,string-concat,production-tiered,pair2,before,17,13299750
store,string-concat,production-tiered,pair2,before,18,13297167
store,string-concat,production-tiered,pair2,before,19,12454083
store,string-concat,production-tiered,pair3,after,0,13250334
store,string-concat,production-tiered,pair3,after,1,12514916
store,string-concat,production-tiered,pair3,after,2,13456333
store,string-concat,production-tiered,pair3,after,3,13301916
store,string-concat,production-tiered,pair3,after,4,12393875
store,string-concat,production-tiered,pair3,after,5,13258083
store,string-concat,production-tiered,pair3,after,6,13378916
store,string-concat,production-tiered,pair3,after,7,12449792
store,string-concat,production-tiered,pair3,after,8,13490000
store,string-concat,production-tiered,pair3,after,9,13315459
store,string-concat,production-tiered,pair3,after,10,12424042
store,string-concat,production-tiered,pair3,after,11,13277625
store,string-concat,production-tiered,pair3,after,12,13309000
store,string-concat,production-tiered,pair3,after,13,12522833
store,string-concat,production-tiered,pair3,after,14,13298333
store,string-concat,production-tiered,pair3,after,15,13267250
store,string-concat,production-tiered,pair3,after,16,12441708
store,string-concat,production-tiered,pair3,after,17,13299750
store,string-concat,production-tiered,pair3,after,18,13334625
store,string-concat,production-tiered,pair3,after,19,12389417
store,string-concat,production-tiered,pair3,before,0,13290500
store,string-concat,production-tiered,pair3,before,1,12434542
store,string-concat,production-tiered,pair3,before,2,13609375
store,string-concat,production-tiered,pair3,before,3,13609709
store,string-concat,production-tiered,pair3,before,4,12399833
store,string-concat,production-tiered,pair3,before,5,13472208
store,string-concat,production-tiered,pair3,before,6,13656667
store,string-concat,production-tiered,pair3,before,7,12528084
store,string-concat,production-tiered,pair3,before,8,13306125
store,string-concat,production-tiered,pair3,before,9,13326666
store,string-concat,production-tiered,pair3,before,10,12466333
store,string-concat,production-tiered,pair3,before,11,13422167
store,string-concat,production-tiered,pair3,before,12,13298000
store,string-concat,production-tiered,pair3,before,13,12450125
store,string-concat,production-tiered,pair3,before,14,13301875
store,string-concat,production-tiered,pair3,before,15,13269875
store,string-concat,production-tiered,pair3,before,16,12439292
store,string-concat,production-tiered,pair3,before,17,13304167
store,string-concat,production-tiered,pair3,before,18,13289375
store,string-concat,production-tiered,pair3,before,19,12422125
store,string-concat,template,pair1,after,0,13191250
store,string-concat,template,pair1,after,1,12574250
store,string-concat,template,pair1,after,2,13892833
store,string-concat,template,pair1,after,3,13483334
store,string-concat,template,pair1,after,4,12377708
store,string-concat,template,pair1,after,5,13212042
store,string-concat,template,pair1,after,6,13182875
store,string-concat,template,pair1,after,7,12345000
store,string-concat,template,pair1,after,8,13190958
store,string-concat,template,pair1,after,9,13243625
store,string-concat,template,pair1,after,10,12346667
store,string-concat,template,pair1,after,11,13213833
store,string-concat,template,pair1,after,12,13162084
store,string-concat,template,pair1,after,13,12321709
store,string-concat,template,pair1,after,14,13212791
store,string-concat,template,pair1,after,15,13279292
store,string-concat,template,pair1,after,16,12479583
store,string-concat,template,pair1,after,17,13210292
store,string-concat,template,pair1,after,18,13194125
store,string-concat,template,pair1,after,19,12366917
store,string-concat,template,pair1,before,0,13243166
store,string-concat,template,pair1,before,1,12389542
store,string-concat,template,pair1,before,2,13276083
store,string-concat,template,pair1,before,3,13250708
store,string-concat,template,pair1,before,4,12385416
store,string-concat,template,pair1,before,5,13265459
store,string-concat,template,pair1,before,6,13253167
store,string-concat,template,pair1,before,7,12384334
store,string-concat,template,pair1,before,8,13269500
store,string-concat,template,pair1,before,9,13302083
store,string-concat,template,pair1,before,10,12405000
store,string-concat,template,pair1,before,11,13307500
store,string-concat,template,pair1,before,12,13274667
store,string-concat,template,pair1,before,13,12410083
store,string-concat,template,pair1,before,14,13279084
store,string-concat,template,pair1,before,15,13865334
store,string-concat,template,pair1,before,16,12394875
store,string-concat,template,pair1,before,17,13333208
store,string-concat,template,pair1,before,18,13265542
store,string-concat,template,pair1,before,19,12396375
store,string-concat,template,pair2,after,0,13219584
store,string-concat,template,pair2,after,1,12359500
store,string-concat,template,pair2,after,2,13237417
store,string-concat,template,pair2,after,3,13202167
store,string-concat,template,pair2,after,4,12350292
store,string-concat,template,pair2,after,5,13219500
store,string-concat,template,pair2,after,6,13202125
store,string-concat,template,pair2,after,7,12334709
store,string-concat,template,pair2,after,8,13196209
store,string-concat,template,pair2,after,9,13206542
store,string-concat,template,pair2,after,10,12362500
store,string-concat,template,pair2,after,11,13215792
store,string-concat,template,pair2,after,12,13208833
store,string-concat,template,pair2,after,13,12329917
store,string-concat,template,pair2,after,14,13215167
store,string-concat,template,pair2,after,15,13210791
store,string-concat,template,pair2,after,16,12334792
store,string-concat,template,pair2,after,17,13195917
store,string-concat,template,pair2,after,18,13190375
store,string-concat,template,pair2,after,19,12322958
store,string-concat,template,pair2,before,0,13247834
store,string-concat,template,pair2,before,1,12384083
store,string-concat,template,pair2,before,2,13234750
store,string-concat,template,pair2,before,3,13262500
store,string-concat,template,pair2,before,4,12401750
store,string-concat,template,pair2,before,5,13237625
store,string-concat,template,pair2,before,6,13235208
store,string-concat,template,pair2,before,7,12427292
store,string-concat,template,pair2,before,8,13280083
store,string-concat,template,pair2,before,9,13296500
store,string-concat,template,pair2,before,10,12400208
store,string-concat,template,pair2,before,11,13244333
store,string-concat,template,pair2,before,12,13268666
store,string-concat,template,pair2,before,13,12387334
store,string-concat,template,pair2,before,14,13244667
store,string-concat,template,pair2,before,15,13260958
store,string-concat,template,pair2,before,16,12389458
store,string-concat,template,pair2,before,17,13299417
store,string-concat,template,pair2,before,18,13257042
store,string-concat,template,pair2,before,19,12409042
store,string-concat,template,pair3,after,0,13266750
store,string-concat,template,pair3,after,1,12339000
store,string-concat,template,pair3,after,2,13202916
store,string-concat,template,pair3,after,3,13214458
store,string-concat,template,pair3,after,4,12369333
store,string-concat,template,pair3,after,5,13215959
store,string-concat,template,pair3,after,6,13218625
store,string-concat,template,pair3,after,7,12381792
store,string-concat,template,pair3,after,8,13225750
store,string-concat,template,pair3,after,9,13219375
store,string-concat,template,pair3,after,10,12427084
store,string-concat,template,pair3,after,11,13224583
store,string-concat,template,pair3,after,12,13219459
store,string-concat,template,pair3,after,13,12372292
store,string-concat,template,pair3,after,14,13214541
store,string-concat,template,pair3,after,15,13254250
store,string-concat,template,pair3,after,16,12334666
store,string-concat,template,pair3,after,17,13201625
store,string-concat,template,pair3,after,18,13218500
store,string-concat,template,pair3,after,19,12348791
store,string-concat,template,pair3,before,0,13242583
store,string-concat,template,pair3,before,1,12398500
store,string-concat,template,pair3,before,2,13225583
store,string-concat,template,pair3,before,3,13253042
store,string-concat,template,pair3,before,4,12408875
store,string-concat,template,pair3,before,5,13273791
store,string-concat,template,pair3,before,6,13271291
store,string-concat,template,pair3,before,7,12485083
store,string-concat,template,pair3,before,8,13766333
store,string-concat,template,pair3,before,9,13951375
store,string-concat,template,pair3,before,10,12874583
store,string-concat,template,pair3,before,11,14025333
store,string-concat,template,pair3,before,12,13975375
store,string-concat,template,pair3,before,13,12380375
store,string-concat,template,pair3,before,14,13369500
store,string-concat,template,pair3,before,15,13373375
store,string-concat,template,pair3,before,16,12394167
store,string-concat,template,pair3,before,17,13277042
store,string-concat,template,pair3,before,18,13248458
store,string-concat,template,pair3,before,19,12420875
