series,kernel,tier,pair,side,sample,wall_ns
wave2,dense-array,interpreter,pair1,after,0,67612250
wave2,dense-array,interpreter,pair1,after,1,67144000
wave2,dense-array,interpreter,pair1,after,2,66736500
wave2,dense-array,interpreter,pair1,after,3,66935583
wave2,dense-array,interpreter,pair1,after,4,65940750
wave2,dense-array,interpreter,pair1,after,5,66727875
wave2,dense-array,interpreter,pair1,after,6,66991333
wave2,dense-array,interpreter,pair1,after,7,66356375
wave2,dense-array,interpreter,pair1,after,8,67001000
wave2,dense-array,interpreter,pair1,after,9,67948125
wave2,dense-array,interpreter,pair1,after,10,67467542
wave2,dense-array,interpreter,pair1,after,11,67027334
wave2,dense-array,interpreter,pair1,after,12,66754042
wave2,dense-array,interpreter,pair1,after,13,66613167
wave2,dense-array,interpreter,pair1,after,14,66690375
wave2,dense-array,interpreter,pair1,after,15,66817833
wave2,dense-array,interpreter,pair1,after,16,66881458
wave2,dense-array,interpreter,pair1,after,17,66771375
wave2,dense-array,interpreter,pair1,after,18,66560667
wave2,dense-array,interpreter,pair1,after,19,66815500
wave2,dense-array,interpreter,pair1,before,0,65515292
wave2,dense-array,interpreter,pair1,before,1,65622667
wave2,dense-array,interpreter,pair1,before,2,65904542
wave2,dense-array,interpreter,pair1,before,3,65893000
wave2,dense-array,interpreter,pair1,before,4,66018917
wave2,dense-array,interpreter,pair1,before,5,65777458
wave2,dense-array,interpreter,pair1,before,6,65652916
wave2,dense-array,interpreter,pair1,before,7,65620917
wave2,dense-array,interpreter,pair1,before,8,65467083
wave2,dense-array,interpreter,pair1,before,9,65895250
wave2,dense-array,interpreter,pair1,before,10,65423166
wave2,dense-array,interpreter,pair1,before,11,65671500
wave2,dense-array,interpreter,pair1,before,12,65675166
wave2,dense-array,interpreter,pair1,before,13,65473417
wave2,dense-array,interpreter,pair1,before,14,65597125
wave2,dense-array,interpreter,pair1,before,15,65505041
wave2,dense-array,interpreter,pair1,before,16,65578042
wave2,dense-array,interpreter,pair1,before,17,65536291
wave2,dense-array,interpreter,pair1,before,18,65558666
wave2,dense-array,interpreter,pair1,before,19,65635167
wave2,dense-array,interpreter,pair2,after,0,66340541
wave2,dense-array,interpreter,pair2,after,1,66612625
wave2,dense-array,interpreter,pair2,after,2,67610167
wave2,dense-array,interpreter,pair2,after,3,67558500
wave2,dense-array,interpreter,pair2,after,4,66858584
wave2,dense-array,interpreter,pair2,after,5,67540792
wave2,dense-array,interpreter,pair2,after,6,66270083
wave2,dense-array,interpreter,pair2,after,7,66423916
wave2,dense-array,interpreter,pair2,after,8,65864333
wave2,dense-array,interpreter,pair2,after,9,66740958
wave2,dense-array,interpreter,pair2,after,10,67474042
wave2,dense-array,interpreter,pair2,after,11,67673666
wave2,dense-array,interpreter,pair2,after,12,68168834
wave2,dense-array,interpreter,pair2,after,13,68158292
wave2,dense-array,interpreter,pair2,after,14,74282208
wave2,dense-array,interpreter,pair2,after,15,67574708
wave2,dense-array,interpreter,pair2,after,16,67238042
wave2,dense-array,interpreter,pair2,after,17,67509292
wave2,dense-array,interpreter,pair2,after,18,66990958
wave2,dense-array,interpreter,pair2,after,19,67384166
wave2,dense-array,interpreter,pair2,before,0,66965334
wave2,dense-array,interpreter,pair2,before,1,67801958
wave2,dense-array,interpreter,pair2,before,2,67469042
wave2,dense-array,interpreter,pair2,before,3,65469625
wave2,dense-array,interpreter,pair2,before,4,65562917
wave2,dense-array,interpreter,pair2,before,5,65465125
wave2,dense-array,interpreter,pair2,before,6,65468333
wave2,dense-array,interpreter,pair2,before,7,65439916
wave2,dense-array,interpreter,pair2,before,8,65442292
wave2,dense-array,interpreter,pair2,before,9,65697917
wave2,dense-array,interpreter,pair2,before,10,65639334
wave2,dense-array,interpreter,pair2,before,11,65780125
wave2,dense-array,interpreter,pair2,before,12,65613917
wave2,dense-array,interpreter,pair2,before,13,65713667
wave2,dense-array,interpreter,pair2,before,14,65758500
wave2,dense-array,interpreter,pair2,before,15,65422958
wave2,dense-array,interpreter,pair2,before,16,65643959
wave2,dense-array,interpreter,pair2,before,17,65735750
wave2,dense-array,interpreter,pair2,before,18,65711833
wave2,dense-array,interpreter,pair2,before,19,65569375
wave2,dense-array,interpreter,pair3,after,0,67581750
wave2,dense-array,interpreter,pair3,after,1,66199125
wave2,dense-array,interpreter,pair3,after,2,67210208
wave2,dense-array,interpreter,pair3,after,3,66115375
wave2,dense-array,interpreter,pair3,after,4,67014000
wave2,dense-array,interpreter,pair3,after,5,67615583
wave2,dense-array,interpreter,pair3,after,6,66796125
wave2,dense-array,interpreter,pair3,after,7,66018250
wave2,dense-array,interpreter,pair3,after,8,66864083
wave2,dense-array,interpreter,pair3,after,9,67325125
wave2,dense-array,interpreter,pair3,after,10,66803042
wave2,dense-array,interpreter,pair3,after,11,66246333
wave2,dense-array,interpreter,pair3,after,12,67343083
wave2,dense-array,interpreter,pair3,after,13,65640750
wave2,dense-array,interpreter,pair3,after,14,66955333
wave2,dense-array,interpreter,pair3,after,15,67494084
wave2,dense-array,interpreter,pair3,after,16,67282875
wave2,dense-array,interpreter,pair3,after,17,67565500
wave2,dense-array,interpreter,pair3,after,18,67297083
wave2,dense-array,interpreter,pair3,after,19,68044292
wave2,dense-array,interpreter,pair3,before,0,66391292
wave2,dense-array,interpreter,pair3,before,1,65369041
wave2,dense-array,interpreter,pair3,before,2,65652458
wave2,dense-array,interpreter,pair3,before,3,65433958
wave2,dense-array,interpreter,pair3,before,4,65776500
wave2,dense-array,interpreter,pair3,before,5,65713875
wave2,dense-array,interpreter,pair3,before,6,65450375
wave2,dense-array,interpreter,pair3,before,7,66901500
wave2,dense-array,interpreter,pair3,before,8,65541667
wave2,dense-array,interpreter,pair3,before,9,65806333
wave2,dense-array,interpreter,pair3,before,10,65620833
wave2,dense-array,interpreter,pair3,before,11,65304041
wave2,dense-array,interpreter,pair3,before,12,65343959
wave2,dense-array,interpreter,pair3,before,13,65350208
wave2,dense-array,interpreter,pair3,before,14,65813833
wave2,dense-array,interpreter,pair3,before,15,66055083
wave2,dense-array,interpreter,pair3,before,16,65376208
wave2,dense-array,interpreter,pair3,before,17,65480292
wave2,dense-array,interpreter,pair3,before,18,65582500
wave2,dense-array,interpreter,pair3,before,19,65816875
wave2,dense-array,production-tiered,pair1,after,0,5658917
wave2,dense-array,production-tiered,pair1,after,1,5550208
wave2,dense-array,production-tiered,pair1,after,2,5553708
wave2,dense-array,production-tiered,pair1,after,3,5543042
wave2,dense-array,production-tiered,pair1,after,4,5591917
wave2,dense-array,production-tiered,pair1,after,5,5541917
wave2,dense-array,production-tiered,pair1,after,6,5576125
wave2,dense-array,production-tiered,pair1,after,7,5603459
wave2,dense-array,production-tiered,pair1,after,8,5556459
wave2,dense-array,production-tiered,pair1,after,9,5652708
wave2,dense-array,production-tiered,pair1,after,10,5550333
wave2,dense-array,production-tiered,pair1,after,11,5546792
wave2,dense-array,production-tiered,pair1,after,12,5546750
wave2,dense-array,production-tiered,pair1,after,13,5540208
wave2,dense-array,production-tiered,pair1,after,14,5542083
wave2,dense-array,production-tiered,pair1,after,15,5531125
wave2,dense-array,production-tiered,pair1,after,16,5647917
wave2,dense-array,production-tiered,pair1,after,17,5600583
wave2,dense-array,production-tiered,pair1,after,18,5663208
wave2,dense-array,production-tiered,pair1,after,19,5552958
wave2,dense-array,production-tiered,pair1,before,0,5525042
wave2,dense-array,production-tiered,pair1,before,1,5500750
wave2,dense-array,production-tiered,pair1,before,2,5575792
wave2,dense-array,production-tiered,pair1,before,3,5563792
wave2,dense-array,production-tiered,pair1,before,4,5551500
wave2,dense-array,production-tiered,pair1,before,5,5583250
wave2,dense-array,production-tiered,pair1,before,6,5533750
wave2,dense-array,production-tiered,pair1,before,7,5557916
wave2,dense-array,production-tiered,pair1,before,8,5619208
wave2,dense-array,production-tiered,pair1,before,9,5525375
wave2,dense-array,production-tiered,pair1,before,10,5532666
wave2,dense-array,production-tiered,pair1,before,11,5533875
wave2,dense-array,production-tiered,pair1,before,12,5511292
wave2,dense-array,production-tiered,pair1,before,13,5519834
wave2,dense-array,production-tiered,pair1,before,14,5503792
wave2,dense-array,production-tiered,pair1,before,15,5532125
wave2,dense-array,production-tiered,pair1,before,16,5501375
wave2,dense-array,production-tiered,pair1,before,17,5527417
wave2,dense-array,production-tiered,pair1,before,18,5510833
wave2,dense-array,production-tiered,pair1,before,19,5572417
wave2,dense-array,production-tiered,pair2,after,0,5537208
wave2,dense-array,production-tiered,pair2,after,1,5537000
wave2,dense-array,production-tiered,pair2,after,2,5536208
wave2,dense-array,production-tiered,pair2,after,3,5543625
wave2,dense-array,production-tiered,pair2,after,4,5536417
wave2,dense-array,production-tiered,pair2,after,5,5563125
wave2,dense-array,production-tiered,pair2,after,6,5545250
wave2,dense-array,production-tiered,pair2,after,7,5596875
wave2,dense-array,production-tiered,pair2,after,8,5547208
wave2,dense-array,production-tiered,pair2,after,9,5550459
wave2,dense-array,production-tiered,pair2,after,10,5557708
wave2,dense-array,production-tiered,pair2,after,11,5544375
wave2,dense-array,production-tiered,pair2,after,12,5540875
wave2,dense-array,production-tiered,pair2,after,13,5534083
wave2,dense-array,production-tiered,pair2,after,14,5580833
wave2,dense-array,production-tiered,pair2,after,15,5583458
wave2,dense-array,production-tiered,pair2,after,16,5574167
wave2,dense-array,production-tiered,pair2,after,17,5638458
wave2,dense-array,production-tiered,pair2,after,18,5550291
wave2,dense-array,production-tiered,pair2,after,19,5567625
wave2,dense-array,production-tiered,pair2,before,0,5633708
wave2,dense-array,production-tiered,pair2,before,1,5811584
wave2,dense-array,production-tiered,pair2,before,2,5636750
wave2,dense-array,production-tiered,pair2,before,3,5607000
wave2,dense-array,production-tiered,pair2,before,4,5626916
wave2,dense-array,production-tiered,pair2,before,5,5607084
wave2,dense-array,production-tiered,pair2,before,6,5616500
wave2,dense-array,production-tiered,pair2,before,7,5789584
wave2,dense-array,production-tiered,pair2,before,8,5639292
wave2,dense-array,production-tiered,pair2,before,9,5612166
wave2,dense-array,production-tiered,pair2,before,10,5697542
wave2,dense-array,production-tiered,pair2,before,11,5808708
wave2,dense-array,production-tiered,pair2,before,12,5647875
wave2,dense-array,production-tiered,pair2,before,13,5620791
wave2,dense-array,production-tiered,pair2,before,14,5635875
wave2,dense-array,production-tiered,pair2,before,15,5626334
wave2,dense-array,production-tiered,pair2,before,16,5620792
wave2,dense-array,production-tiered,pair2,before,17,5620000
wave2,dense-array,production-tiered,pair2,before,18,5644833
wave2,dense-array,production-tiered,pair2,before,19,5611375
wave2,dense-array,production-tiered,pair3,after,0,5693209
wave2,dense-array,production-tiered,pair3,after,1,5574542
wave2,dense-array,production-tiered,pair3,after,2,5540625
wave2,dense-array,production-tiered,pair3,after,3,5600542
wave2,dense-array,production-tiered,pair3,after,4,5538917
wave2,dense-array,production-tiered,pair3,after,5,5564459
wave2,dense-array,production-tiered,pair3,after,6,5537500
wave2,dense-array,production-tiered,pair3,after,7,5552625
wave2,dense-array,production-tiered,pair3,after,8,5541458
wave2,dense-array,production-tiered,pair3,after,9,5546541
wave2,dense-array,production-tiered,pair3,after,10,5542625
wave2,dense-array,production-tiered,pair3,after,11,5547541
wave2,dense-array,production-tiered,pair3,after,12,5604833
wave2,dense-array,production-tiered,pair3,after,13,5544375
wave2,dense-array,production-tiered,pair3,after,14,5549000
wave2,dense-array,production-tiered,pair3,after,15,5552417
wave2,dense-array,production-tiered,pair3,after,16,5562333
wave2,dense-array,production-tiered,pair3,after,17,5546875
wave2,dense-array,production-tiered,pair3,after,18,5570458
wave2,dense-array,production-tiered,pair3,after,19,5537708
wave2,dense-array,production-tiered,pair3,before,0,5518250
wave2,dense-array,production-tiered,pair3,before,1,5535959
wave2,dense-array,production-tiered,pair3,before,2,5501541
wave2,dense-array,production-tiered,pair3,before,3,5528334
wave2,dense-array,production-tiered,pair3,before,4,5547834
wave2,dense-array,production-tiered,pair3,before,5,5523292
wave2,dense-array,production-tiered,pair3,before,6,5508791
wave2,dense-array,production-tiered,pair3,before,7,5608875
wave2,dense-array,production-tiered,pair3,before,8,5627167
wave2,dense-array,production-tiered,pair3,before,9,5657208
wave2,dense-array,production-tiered,pair3,before,10,5518708
wave2,dense-array,production-tiered,pair3,before,11,5548583
wave2,dense-array,production-tiered,pair3,before,12,5501917
wave2,dense-array,production-tiered,pair3,before,13,5531792
wave2,dense-array,production-tiered,pair3,before,14,5502250
wave2,dense-array,production-tiered,pair3,before,15,5550125
wave2,dense-array,production-tiered,pair3,before,16,5513709
wave2,dense-array,production-tiered,pair3,before,17,5526625
wave2,dense-array,production-tiered,pair3,before,18,5502042
wave2,dense-array,production-tiered,pair3,before,19,5513792
wave2,dense-array,template,pair1,after,0,6883958
wave2,dense-array,template,pair1,after,1,6891667
wave2,dense-array,template,pair1,after,2,6873000
wave2,dense-array,template,pair1,after,3,6871084
wave2,dense-array,template,pair1,after,4,6872375
wave2,dense-array,template,pair1,after,5,6884791
wave2,dense-array,template,pair1,after,6,6881292
wave2,dense-array,template,pair1,after,7,6874333
wave2,dense-array,template,pair1,after,8,6863791
wave2,dense-array,template,pair1,after,9,6874208
wave2,dense-array,template,pair1,after,10,6917166
wave2,dense-array,template,pair1,after,11,6855083
wave2,dense-array,template,pair1,after,12,6914000
wave2,dense-array,template,pair1,after,13,6857291
wave2,dense-array,template,pair1,after,14,6959458
wave2,dense-array,template,pair1,after,15,7151542
wave2,dense-array,template,pair1,after,16,7003083
wave2,dense-array,template,pair1,after,17,6932208
wave2,dense-array,template,pair1,after,18,6895708
wave2,dense-array,template,pair1,after,19,6867250
wave2,dense-array,template,pair1,before,0,6866584
wave2,dense-array,template,pair1,before,1,6886583
wave2,dense-array,template,pair1,before,2,6862125
wave2,dense-array,template,pair1,before,3,6913500
wave2,dense-array,template,pair1,before,4,6860291
wave2,dense-array,template,pair1,before,5,6924125
wave2,dense-array,template,pair1,before,6,6858791
wave2,dense-array,template,pair1,before,7,6894625
wave2,dense-array,template,pair1,before,8,6945500
wave2,dense-array,template,pair1,before,9,6873125
wave2,dense-array,template,pair1,before,10,6865333
wave2,dense-array,template,pair1,before,11,6891167
wave2,dense-array,template,pair1,before,12,6859125
wave2,dense-array,template,pair1,before,13,6858292
wave2,dense-array,template,pair1,before,14,6863500
wave2,dense-array,template,pair1,before,15,6867417
wave2,dense-array,template,pair1,before,16,6862833
wave2,dense-array,template,pair1,before,17,6934875
wave2,dense-array,template,pair1,before,18,6857417
wave2,dense-array,template,pair1,before,19,6857750
wave2,dense-array,template,pair2,after,0,6906291
wave2,dense-array,template,pair2,after,1,7005750
wave2,dense-array,template,pair2,after,2,6890875
wave2,dense-array,template,pair2,after,3,6927083
wave2,dense-array,template,pair2,after,4,6918875
wave2,dense-array,template,pair2,after,5,6975959
wave2,dense-array,template,pair2,after,6,7012958
wave2,dense-array,template,pair2,after,7,6876833
wave2,dense-array,template,pair2,after,8,6862333
wave2,dense-array,template,pair2,after,9,6868292
wave2,dense-array,template,pair2,after,10,6877250
wave2,dense-array,template,pair2,after,11,6878500
wave2,dense-array,template,pair2,after,12,6875291
wave2,dense-array,template,pair2,after,13,6860708
wave2,dense-array,template,pair2,after,14,6925792
wave2,dense-array,template,pair2,after,15,6884166
wave2,dense-array,template,pair2,after,16,6883292
wave2,dense-array,template,pair2,after,17,6855417
wave2,dense-array,template,pair2,after,18,6911916
wave2,dense-array,template,pair2,after,19,6875542
wave2,dense-array,template,pair2,before,0,6861417
wave2,dense-array,template,pair2,before,1,6865667
wave2,dense-array,template,pair2,before,2,6961541
wave2,dense-array,template,pair2,before,3,6973500
wave2,dense-array,template,pair2,before,4,6905666
wave2,dense-array,template,pair2,before,5,6872041
wave2,dense-array,template,pair2,before,6,6912167
wave2,dense-array,template,pair2,before,7,6857916
wave2,dense-array,template,pair2,before,8,6874584
wave2,dense-array,template,pair2,before,9,6917959
wave2,dense-array,template,pair2,before,10,6905792
wave2,dense-array,template,pair2,before,11,6982541
wave2,dense-array,template,pair2,before,12,6871250
wave2,dense-array,template,pair2,before,13,6928250
wave2,dense-array,template,pair2,before,14,6867000
wave2,dense-array,template,pair2,before,15,6890834
wave2,dense-array,template,pair2,before,16,6869042
wave2,dense-array,template,pair2,before,17,6860833
wave2,dense-array,template,pair2,before,18,6878459
wave2,dense-array,template,pair2,before,19,6873459
wave2,dense-array,template,pair3,after,0,6868916
wave2,dense-array,template,pair3,after,1,6862708
wave2,dense-array,template,pair3,after,2,6880292
wave2,dense-array,template,pair3,after,3,6863250
wave2,dense-array,template,pair3,after,4,6933541
wave2,dense-array,template,pair3,after,5,6865959
wave2,dense-array,template,pair3,after,6,6867167
wave2,dense-array,template,pair3,after,7,6930708
wave2,dense-array,template,pair3,after,8,6912291
wave2,dense-array,template,pair3,after,9,6963084
wave2,dense-array,template,pair3,after,10,6887083
wave2,dense-array,template,pair3,after,11,6892792
wave2,dense-array,template,pair3,after,12,6861792
wave2,dense-array,template,pair3,after,13,6861291
wave2,dense-array,template,pair3,after,14,6863292
wave2,dense-array,template,pair3,after,15,6857833
wave2,dense-array,template,pair3,after,16,6867625
wave2,dense-array,template,pair3,after,17,6870375
wave2,dense-array,template,pair3,after,18,6954458
wave2,dense-array,template,pair3,after,19,6885375
wave2,dense-array,template,pair3,before,0,6874792
wave2,dense-array,template,pair3,before,1,6889167
wave2,dense-array,template,pair3,before,2,6918583
wave2,dense-array,template,pair3,before,3,6986750
wave2,dense-array,template,pair3,before,4,7099375
wave2,dense-array,template,pair3,before,5,6874250
wave2,dense-array,template,pair3,before,6,6857791
wave2,dense-array,template,pair3,before,7,6886167
wave2,dense-array,template,pair3,before,8,7164584
wave2,dense-array,template,pair3,before,9,6866750
wave2,dense-array,template,pair3,before,10,6906125
wave2,dense-array,template,pair3,before,11,6857959
wave2,dense-array,template,pair3,before,12,6905375
wave2,dense-array,template,pair3,before,13,6994167
wave2,dense-array,template,pair3,before,14,6877584
wave2,dense-array,template,pair3,before,15,6872709
wave2,dense-array,template,pair3,before,16,6861250
wave2,dense-array,template,pair3,before,17,6961667
wave2,dense-array,template,pair3,before,18,6867667
wave2,dense-array,template,pair3,before,19,6892250
wave2,derived-constructor,interpreter,pair1,after,0,72816084
wave2,derived-constructor,interpreter,pair1,after,1,59281792
wave2,derived-constructor,interpreter,pair1,after,2,71922375
wave2,derived-constructor,interpreter,pair1,after,3,59074291
wave2,derived-constructor,interpreter,pair1,after,4,71948584
wave2,derived-constructor,interpreter,pair1,after,5,71580875
wave2,derived-constructor,interpreter,pair1,after,6,58823667
wave2,derived-constructor,interpreter,pair1,after,7,71570875
wave2,derived-constructor,interpreter,pair1,after,8,59302792
wave2,derived-constructor,interpreter,pair1,after,9,71805458
wave2,derived-constructor,interpreter,pair1,after,10,58998667
wave2,derived-constructor,interpreter,pair1,after,11,72672791
wave2,derived-constructor,interpreter,pair1,after,12,72643375
wave2,derived-constructor,interpreter,pair1,after,13,59202875
wave2,derived-constructor,interpreter,pair1,after,14,71513834
wave2,derived-constructor,interpreter,pair1,after,15,59271541
wave2,derived-constructor,interpreter,pair1,after,16,71724250
wave2,derived-constructor,interpreter,pair1,after,17,58983917
wave2,derived-constructor,interpreter,pair1,after,18,71849125
wave2,derived-constructor,interpreter,pair1,after,19,71568959
wave2,derived-constructor,interpreter,pair1,before,0,75063792
wave2,derived-constructor,interpreter,pair1,before,1,62836541
wave2,derived-constructor,interpreter,pair1,before,2,76487083
wave2,derived-constructor,interpreter,pair1,before,3,63812084
wave2,derived-constructor,interpreter,pair1,before,4,76868000
wave2,derived-constructor,interpreter,pair1,before,5,75160583
wave2,derived-constructor,interpreter,pair1,before,6,62380166
wave2,derived-constructor,interpreter,pair1,before,7,76894167
wave2,derived-constructor,interpreter,pair1,before,8,66087417
wave2,derived-constructor,interpreter,pair1,before,9,79725083
wave2,derived-constructor,interpreter,pair1,before,10,67649291
wave2,derived-constructor,interpreter,pair1,before,11,79458666
wave2,derived-constructor,interpreter,pair1,before,12,78726292
wave2,derived-constructor,interpreter,pair1,before,13,65935334
wave2,derived-constructor,interpreter,pair1,before,14,80677041
wave2,derived-constructor,interpreter,pair1,before,15,63075833
wave2,derived-constructor,interpreter,pair1,before,16,75100291
wave2,derived-constructor,interpreter,pair1,before,17,64072917
wave2,derived-constructor,interpreter,pair1,before,18,80037541
wave2,derived-constructor,interpreter,pair1,before,19,80321666
wave2,derived-constructor,interpreter,pair2,after,0,72899667
wave2,derived-constructor,interpreter,pair2,after,1,59555958
wave2,derived-constructor,interpreter,pair2,after,2,72444250
wave2,derived-constructor,interpreter,pair2,after,3,59503334
wave2,derived-constructor,interpreter,pair2,after,4,72559042
wave2,derived-constructor,interpreter,pair2,after,5,71861000
wave2,derived-constructor,interpreter,pair2,after,6,59725375
wave2,derived-constructor,interpreter,pair2,after,7,72333625
wave2,derived-constructor,interpreter,pair2,after,8,59747042
wave2,derived-constructor,interpreter,pair2,after,9,73600458
wave2,derived-constructor,interpreter,pair2,after,10,59379833
wave2,derived-constructor,interpreter,pair2,after,11,73338834
wave2,derived-constructor,interpreter,pair2,after,12,71863084
wave2,derived-constructor,interpreter,pair2,after,13,59536750
wave2,derived-constructor,interpreter,pair2,after,14,72300375
wave2,derived-constructor,interpreter,pair2,after,15,60572167
wave2,derived-constructor,interpreter,pair2,after,16,73930208
wave2,derived-constructor,interpreter,pair2,after,17,60771834
wave2,derived-constructor,interpreter,pair2,after,18,74025625
wave2,derived-constructor,interpreter,pair2,after,19,72709000
wave2,derived-constructor,interpreter,pair2,before,0,75221708
wave2,derived-constructor,interpreter,pair2,before,1,65899959
wave2,derived-constructor,interpreter,pair2,before,2,76115667
wave2,derived-constructor,interpreter,pair2,before,3,62209916
wave2,derived-constructor,interpreter,pair2,before,4,74952042
wave2,derived-constructor,interpreter,pair2,before,5,76781125
wave2,derived-constructor,interpreter,pair2,before,6,61819458
wave2,derived-constructor,interpreter,pair2,before,7,75234083
wave2,derived-constructor,interpreter,pair2,before,8,61515125
wave2,derived-constructor,interpreter,pair2,before,9,75459750
wave2,derived-constructor,interpreter,pair2,before,10,62111916
wave2,derived-constructor,interpreter,pair2,before,11,74763041
wave2,derived-constructor,interpreter,pair2,before,12,74277084
wave2,derived-constructor,interpreter,pair2,before,13,67696333
wave2,derived-constructor,interpreter,pair2,before,14,74832417
wave2,derived-constructor,interpreter,pair2,before,15,62443834
wave2,derived-constructor,interpreter,pair2,before,16,75058667
wave2,derived-constructor,interpreter,pair2,before,17,62198000
wave2,derived-constructor,interpreter,pair2,before,18,75361833
wave2,derived-constructor,interpreter,pair2,before,19,75389916
wave2,derived-constructor,interpreter,pair3,after,0,74643125
wave2,derived-constructor,interpreter,pair3,after,1,60354459
wave2,derived-constructor,interpreter,pair3,after,2,72415958
wave2,derived-constructor,interpreter,pair3,after,3,59535083
wave2,derived-constructor,interpreter,pair3,after,4,72099209
wave2,derived-constructor,interpreter,pair3,after,5,72733375
wave2,derived-constructor,interpreter,pair3,after,6,59926875
wave2,derived-constructor,interpreter,pair3,after,7,72116291
wave2,derived-constructor,interpreter,pair3,after,8,59834750
wave2,derived-constructor,interpreter,pair3,after,9,72494208
wave2,derived-constructor,interpreter,pair3,after,10,59443542
wave2,derived-constructor,interpreter,pair3,after,11,73482125
wave2,derived-constructor,interpreter,pair3,after,12,76032875
wave2,derived-constructor,interpreter,pair3,after,13,60065708
wave2,derived-constructor,interpreter,pair3,after,14,72655958
wave2,derived-constructor,interpreter,pair3,after,15,60253041
wave2,derived-constructor,interpreter,pair3,after,16,72702500
wave2,derived-constructor,interpreter,pair3,after,17,59519500
wave2,derived-constructor,interpreter,pair3,after,18,72601750
wave2,derived-constructor,interpreter,pair3,after,19,73375125
wave2,derived-constructor,interpreter,pair3,before,0,75077792
wave2,derived-constructor,interpreter,pair3,before,1,61932959
wave2,derived-constructor,interpreter,pair3,before,2,75023500
wave2,derived-constructor,interpreter,pair3,before,3,61332625
wave2,derived-constructor,interpreter,pair3,before,4,74385541
wave2,derived-constructor,interpreter,pair3,before,5,74854833
wave2,derived-constructor,interpreter,pair3,before,6,62273292
wave2,derived-constructor,interpreter,pair3,before,7,74518584
wave2,derived-constructor,interpreter,pair3,before,8,61736792
wave2,derived-constructor,interpreter,pair3,before,9,73890458
wave2,derived-constructor,interpreter,pair3,before,10,61283875
wave2,derived-constructor,interpreter,pair3,before,11,74462208
wave2,derived-constructor,interpreter,pair3,before,12,73868958
wave2,derived-constructor,interpreter,pair3,before,13,61650042
wave2,derived-constructor,interpreter,pair3,before,14,75114166
wave2,derived-constructor,interpreter,pair3,before,15,61698208
wave2,derived-constructor,interpreter,pair3,before,16,74911375
wave2,derived-constructor,interpreter,pair3,before,17,61165458
wave2,derived-constructor,interpreter,pair3,before,18,74607875
wave2,derived-constructor,interpreter,pair3,before,19,73850625
wave2,derived-constructor,production-tiered,pair1,after,0,8094875
wave2,derived-constructor,production-tiered,pair1,after,1,7545375
wave2,derived-constructor,production-tiered,pair1,after,2,8070208
wave2,derived-constructor,production-tiered,pair1,after,3,7507458
wave2,derived-constructor,production-tiered,pair1,after,4,8036084
wave2,derived-constructor,production-tiered,pair1,after,5,8013041
wave2,derived-constructor,production-tiered,pair1,after,6,7507833
wave2,derived-constructor,production-tiered,pair1,after,7,8010667
wave2,derived-constructor,production-tiered,pair1,after,8,7549542
wave2,derived-constructor,production-tiered,pair1,after,9,8009792
wave2,derived-constructor,production-tiered,pair1,after,10,7520125
wave2,derived-constructor,production-tiered,pair1,after,11,8022459
wave2,derived-constructor,production-tiered,pair1,after,12,8014541
wave2,derived-constructor,production-tiered,pair1,after,13,7548083
wave2,derived-constructor,production-tiered,pair1,after,14,8103083
wave2,derived-constructor,production-tiered,pair1,after,15,7546250
wave2,derived-constructor,production-tiered,pair1,after,16,8061250
wave2,derived-constructor,production-tiered,pair1,after,17,7606250
wave2,derived-constructor,production-tiered,pair1,after,18,8116250
wave2,derived-constructor,production-tiered,pair1,after,19,8089334
wave2,derived-constructor,production-tiered,pair1,before,0,9417833
wave2,derived-constructor,production-tiered,pair1,before,1,7630375
wave2,derived-constructor,production-tiered,pair1,before,2,9294209
wave2,derived-constructor,production-tiered,pair1,before,3,7505792
wave2,derived-constructor,production-tiered,pair1,before,4,9613292
wave2,derived-constructor,production-tiered,pair1,before,5,9263375
wave2,derived-constructor,production-tiered,pair1,before,6,7532375
wave2,derived-constructor,production-tiered,pair1,before,7,9277500
wave2,derived-constructor,production-tiered,pair1,before,8,7489458
wave2,derived-constructor,production-tiered,pair1,before,9,9295167
wave2,derived-constructor,production-tiered,pair1,before,10,7500709
wave2,derived-constructor,production-tiered,pair1,before,11,9350125
wave2,derived-constructor,production-tiered,pair1,before,12,9580500
wave2,derived-constructor,production-tiered,pair1,before,13,7686958
wave2,derived-constructor,production-tiered,pair1,before,14,9331708
wave2,derived-constructor,production-tiered,pair1,before,15,7495708
wave2,derived-constructor,production-tiered,pair1,before,16,9206375
wave2,derived-constructor,production-tiered,pair1,before,17,7505292
wave2,derived-constructor,production-tiered,pair1,before,18,9288917
wave2,derived-constructor,production-tiered,pair1,before,19,9291000
wave2,derived-constructor,production-tiered,pair2,after,0,8034500
wave2,derived-constructor,production-tiered,pair2,after,1,7516291
wave2,derived-constructor,production-tiered,pair2,after,2,8206375
wave2,derived-constructor,production-tiered,pair2,after,3,7541458
wave2,derived-constructor,production-tiered,pair2,after,4,8513791
wave2,derived-constructor,production-tiered,pair2,after,5,8295958
wave2,derived-constructor,production-tiered,pair2,after,6,7770417
wave2,derived-constructor,production-tiered,pair2,after,7,8169209
wave2,derived-constructor,production-tiered,pair2,after,8,7684292
wave2,derived-constructor,production-tiered,pair2,after,9,8124625
wave2,derived-constructor,production-tiered,pair2,after,10,7513417
wave2,derived-constructor,production-tiered,pair2,after,11,8083750
wave2,derived-constructor,production-tiered,pair2,after,12,8037625
wave2,derived-constructor,production-tiered,pair2,after,13,7499917
wave2,derived-constructor,production-tiered,pair2,after,14,8046792
wave2,derived-constructor,production-tiered,pair2,after,15,7535166
wave2,derived-constructor,production-tiered,pair2,after,16,8117625
wave2,derived-constructor,production-tiered,pair2,after,17,7497917
wave2,derived-constructor,production-tiered,pair2,after,18,8223291
wave2,derived-constructor,production-tiered,pair2,after,19,8099833
wave2,derived-constructor,production-tiered,pair2,before,0,9237708
wave2,derived-constructor,production-tiered,pair2,before,1,7517375
wave2,derived-constructor,production-tiered,pair2,before,2,9143916
wave2,derived-constructor,production-tiered,pair2,before,3,7528000
wave2,derived-constructor,production-tiered,pair2,before,4,9681250
wave2,derived-constructor,production-tiered,pair2,before,5,9285667
wave2,derived-constructor,production-tiered,pair2,before,6,7463750
wave2,derived-constructor,production-tiered,pair2,before,7,9277708
wave2,derived-constructor,production-tiered,pair2,before,8,7463000
wave2,derived-constructor,production-tiered,pair2,before,9,9224209
wave2,derived-constructor,production-tiered,pair2,before,10,7494292
wave2,derived-constructor,production-tiered,pair2,before,11,9313666
wave2,derived-constructor,production-tiered,pair2,before,12,9297916
wave2,derived-constructor,production-tiered,pair2,before,13,7541625
wave2,derived-constructor,production-tiered,pair2,before,14,9200750
wave2,derived-constructor,production-tiered,pair2,before,15,7542667
wave2,derived-constructor,production-tiered,pair2,before,16,9402917
wave2,derived-constructor,production-tiered,pair2,before,17,7489250
wave2,derived-constructor,production-tiered,pair2,before,18,9294458
wave2,derived-constructor,production-tiered,pair2,before,19,9307292
wave2,derived-constructor,production-tiered,pair3,after,0,8062500
wave2,derived-constructor,production-tiered,pair3,after,1,7568333
wave2,derived-constructor,production-tiered,pair3,after,2,8075708
wave2,derived-constructor,production-tiered,pair3,after,3,7514208
wave2,derived-constructor,production-tiered,pair3,after,4,8077250
wave2,derived-constructor,production-tiered,pair3,after,5,9576167
wave2,derived-constructor,production-tiered,pair3,after,6,7731750
wave2,derived-constructor,production-tiered,pair3,after,7,8432959
wave2,derived-constructor,production-tiered,pair3,after,8,7773542
wave2,derived-constructor,production-tiered,pair3,after,9,8227709
wave2,derived-constructor,production-tiered,pair3,after,10,7621291
wave2,derived-constructor,production-tiered,pair3,after,11,8236833
wave2,derived-constructor,production-tiered,pair3,after,12,8349917
wave2,derived-constructor,production-tiered,pair3,after,13,7916917
wave2,derived-constructor,production-tiered,pair3,after,14,8809125
wave2,derived-constructor,production-tiered,pair3,after,15,8546583
wave2,derived-constructor,production-tiered,pair3,after,16,8870250
wave2,derived-constructor,production-tiered,pair3,after,17,8097958
wave2,derived-constructor,production-tiered,pair3,after,18,8669083
wave2,derived-constructor,production-tiered,pair3,after,19,8709000
wave2,derived-constructor,production-tiered,pair3,before,0,9320125
wave2,derived-constructor,production-tiered,pair3,before,1,7528250
wave2,derived-constructor,production-tiered,pair3,before,2,9242917
wave2,derived-constructor,production-tiered,pair3,before,3,7481250
wave2,derived-constructor,production-tiered,pair3,before,4,9785459
wave2,derived-constructor,production-tiered,pair3,before,5,9726792
wave2,derived-constructor,production-tiered,pair3,before,6,7620834
wave2,derived-constructor,production-tiered,pair3,before,7,9546709
wave2,derived-constructor,production-tiered,pair3,before,8,7505125
wave2,derived-constructor,production-tiered,pair3,before,9,9268708
wave2,derived-constructor,production-tiered,pair3,before,10,7474333
wave2,derived-constructor,production-tiered,pair3,before,11,9293458
wave2,derived-constructor,production-tiered,pair3,before,12,9266625
wave2,derived-constructor,production-tiered,pair3,before,13,7704375
wave2,derived-constructor,production-tiered,pair3,before,14,9901250
wave2,derived-constructor,production-tiered,pair3,before,15,7726625
wave2,derived-constructor,production-tiered,pair3,before,16,9481166
wave2,derived-constructor,production-tiered,pair3,before,17,7656416
wave2,derived-constructor,production-tiered,pair3,before,18,9371042
wave2,derived-constructor,production-tiered,pair3,before,19,9347833
wave2,derived-constructor,template,pair1,after,0,62112959
wave2,derived-constructor,template,pair1,after,1,61684250
wave2,derived-constructor,template,pair1,after,2,62305875
wave2,derived-constructor,template,pair1,after,3,61692959
wave2,derived-constructor,template,pair1,after,4,62284375
wave2,derived-constructor,template,pair1,after,5,62376333
wave2,derived-constructor,template,pair1,after,6,61669083
wave2,derived-constructor,template,pair1,after,7,62222291
wave2,derived-constructor,template,pair1,after,8,61449666
wave2,derived-constructor,template,pair1,after,9,62200041
wave2,derived-constructor,template,pair1,after,10,61655250
wave2,derived-constructor,template,pair1,after,11,63033667
wave2,derived-constructor,template,pair1,after,12,62097125
wave2,derived-constructor,template,pair1,after,13,61355667
wave2,derived-constructor,template,pair1,after,14,62077125
wave2,derived-constructor,template,pair1,after,15,61244167
wave2,derived-constructor,template,pair1,after,16,62222875
wave2,derived-constructor,template,pair1,after,17,61544958
wave2,derived-constructor,template,pair1,after,18,64739917
wave2,derived-constructor,template,pair1,after,19,63398792
wave2,derived-constructor,template,pair1,before,0,63549625
wave2,derived-constructor,template,pair1,before,1,61720459
wave2,derived-constructor,template,pair1,before,2,63488458
wave2,derived-constructor,template,pair1,before,3,61637542
wave2,derived-constructor,template,pair1,before,4,64196292
wave2,derived-constructor,template,pair1,before,5,63422917
wave2,derived-constructor,template,pair1,before,6,61766792
wave2,derived-constructor,template,pair1,before,7,63351375
wave2,derived-constructor,template,pair1,before,8,61863250
wave2,derived-constructor,template,pair1,before,9,63415083
wave2,derived-constructor,template,pair1,before,10,61631208
wave2,derived-constructor,template,pair1,before,11,63678417
wave2,derived-constructor,template,pair1,before,12,63459125
wave2,derived-constructor,template,pair1,before,13,61497792
wave2,derived-constructor,template,pair1,before,14,63225583
wave2,derived-constructor,template,pair1,before,15,61976041
wave2,derived-constructor,template,pair1,before,16,63294834
wave2,derived-constructor,template,pair1,before,17,61526709
wave2,derived-constructor,template,pair1,before,18,63113667
wave2,derived-constructor,template,pair1,before,19,63756583
wave2,derived-constructor,template,pair2,after,0,62329959
wave2,derived-constructor,template,pair2,after,1,61716167
wave2,derived-constructor,template,pair2,after,2,62912625
wave2,derived-constructor,template,pair2,after,3,61755125
wave2,derived-constructor,template,pair2,after,4,62428333
wave2,derived-constructor,template,pair2,after,5,62652166
wave2,derived-constructor,template,pair2,after,6,62073542
wave2,derived-constructor,template,pair2,after,7,62346583
wave2,derived-constructor,template,pair2,after,8,61950542
wave2,derived-constructor,template,pair2,after,9,62431292
wave2,derived-constructor,template,pair2,after,10,61834291
wave2,derived-constructor,template,pair2,after,11,62581333
wave2,derived-constructor,template,pair2,after,12,62529250
wave2,derived-constructor,template,pair2,after,13,61872708
wave2,derived-constructor,template,pair2,after,14,62296084
wave2,derived-constructor,template,pair2,after,15,61773750
wave2,derived-constructor,template,pair2,after,16,62142000
wave2,derived-constructor,template,pair2,after,17,61833167
wave2,derived-constructor,template,pair2,after,18,62369292
wave2,derived-constructor,template,pair2,after,19,62434083
wave2,derived-constructor,template,pair2,before,0,63390875
wave2,derived-constructor,template,pair2,before,1,61488792
wave2,derived-constructor,template,pair2,before,2,63289875
wave2,derived-constructor,template,pair2,before,3,61316542
wave2,derived-constructor,template,pair2,before,4,63681625
wave2,derived-constructor,template,pair2,before,5,63789958
wave2,derived-constructor,template,pair2,before,6,61864541
wave2,derived-constructor,template,pair2,before,7,63480583
wave2,derived-constructor,template,pair2,before,8,61484583
wave2,derived-constructor,template,pair2,before,9,63657125
wave2,derived-constructor,template,pair2,before,10,61859542
wave2,derived-constructor,template,pair2,before,11,62997459
wave2,derived-constructor,template,pair2,before,12,63392834
wave2,derived-constructor,template,pair2,before,13,61243625
wave2,derived-constructor,template,pair2,before,14,63277708
wave2,derived-constructor,template,pair2,before,15,61221250
wave2,derived-constructor,template,pair2,before,16,63038000
wave2,derived-constructor,template,pair2,before,17,61525250
wave2,derived-constructor,template,pair2,before,18,63327750
wave2,derived-constructor,template,pair2,before,19,63444875
wave2,derived-constructor,template,pair3,after,0,62441459
wave2,derived-constructor,template,pair3,after,1,61932000
wave2,derived-constructor,template,pair3,after,2,62954500
wave2,derived-constructor,template,pair3,after,3,62168750
wave2,derived-constructor,template,pair3,after,4,62787875
wave2,derived-constructor,template,pair3,after,5,62909500
wave2,derived-constructor,template,pair3,after,6,62813125
wave2,derived-constructor,template,pair3,after,7,63068709
wave2,derived-constructor,template,pair3,after,8,62106625
wave2,derived-constructor,template,pair3,after,9,63187500
wave2,derived-constructor,template,pair3,after,10,62211250
wave2,derived-constructor,template,pair3,after,11,62698417
wave2,derived-constructor,template,pair3,after,12,62725500
wave2,derived-constructor,template,pair3,after,13,62498459
wave2,derived-constructor,template,pair3,after,14,62588583
wave2,derived-constructor,template,pair3,after,15,62264042
wave2,derived-constructor,template,pair3,after,16,62566375
wave2,derived-constructor,template,pair3,after,17,62300041
wave2,derived-constructor,template,pair3,after,18,62748000
wave2,derived-constructor,template,pair3,after,19,62747083
wave2,derived-constructor,template,pair3,before,0,63654458
wave2,derived-constructor,template,pair3,before,1,61440583
wave2,derived-constructor,template,pair3,before,2,63820500
wave2,derived-constructor,template,pair3,before,3,61667750
wave2,derived-constructor,template,pair3,before,4,63266792
wave2,derived-constructor,template,pair3,before,5,63340208
wave2,derived-constructor,template,pair3,before,6,61788292
wave2,derived-constructor,template,pair3,before,7,63510709
wave2,derived-constructor,template,pair3,before,8,63266000
wave2,derived-constructor,template,pair3,before,9,65322708
wave2,derived-constructor,template,pair3,before,10,62023208
wave2,derived-constructor,template,pair3,before,11,63453416
wave2,derived-constructor,template,pair3,before,12,63258833
wave2,derived-constructor,template,pair3,before,13,63429625
wave2,derived-constructor,template,pair3,before,14,65132917
wave2,derived-constructor,template,pair3,before,15,61375625
wave2,derived-constructor,template,pair3,before,16,63463459
wave2,derived-constructor,template,pair3,before,17,61667625
wave2,derived-constructor,template,pair3,before,18,63524084
wave2,derived-constructor,template,pair3,before,19,63268458
wave2,method-call-monomorphic,interpreter,pair1,after,0,151559833
wave2,method-call-monomorphic,interpreter,pair1,after,1,151993750
wave2,method-call-monomorphic,interpreter,pair1,after,2,151996958
wave2,method-call-monomorphic,interpreter,pair1,after,3,151768208
wave2,method-call-monomorphic,interpreter,pair1,after,4,151597958
wave2,method-call-monomorphic,interpreter,pair1,after,5,152431458
wave2,method-call-monomorphic,interpreter,pair1,after,6,152932416
wave2,method-call-monomorphic,interpreter,pair1,after,7,151943000
wave2,method-call-monomorphic,interpreter,pair1,after,8,151547292
wave2,method-call-monomorphic,interpreter,pair1,after,9,151736959
wave2,method-call-monomorphic,interpreter,pair1,after,10,151579417
wave2,method-call-monomorphic,interpreter,pair1,after,11,151768750
wave2,method-call-monomorphic,interpreter,pair1,after,12,151923792
wave2,method-call-monomorphic,interpreter,pair1,after,13,152213542
wave2,method-call-monomorphic,interpreter,pair1,after,14,152240625
wave2,method-call-monomorphic,interpreter,pair1,after,15,151493500
wave2,method-call-monomorphic,interpreter,pair1,after,16,151620458
wave2,method-call-monomorphic,interpreter,pair1,after,17,151675375
wave2,method-call-monomorphic,interpreter,pair1,after,18,152997750
wave2,method-call-monomorphic,interpreter,pair1,after,19,152380000
wave2,method-call-monomorphic,interpreter,pair1,before,0,146371208
wave2,method-call-monomorphic,interpreter,pair1,before,1,146265333
wave2,method-call-monomorphic,interpreter,pair1,before,2,146539917
wave2,method-call-monomorphic,interpreter,pair1,before,3,147488250
wave2,method-call-monomorphic,interpreter,pair1,before,4,146264167
wave2,method-call-monomorphic,interpreter,pair1,before,5,146211459
wave2,method-call-monomorphic,interpreter,pair1,before,6,146371416
wave2,method-call-monomorphic,interpreter,pair1,before,7,148180375
wave2,method-call-monomorphic,interpreter,pair1,before,8,146348458
wave2,method-call-monomorphic,interpreter,pair1,before,9,147009000
wave2,method-call-monomorphic,interpreter,pair1,before,10,147345708
wave2,method-call-monomorphic,interpreter,pair1,before,11,146225625
wave2,method-call-monomorphic,interpreter,pair1,before,12,145839667
wave2,method-call-monomorphic,interpreter,pair1,before,13,146188959
wave2,method-call-monomorphic,interpreter,pair1,before,14,146148917
wave2,method-call-monomorphic,interpreter,pair1,before,15,146605042
wave2,method-call-monomorphic,interpreter,pair1,before,16,147029959
wave2,method-call-monomorphic,interpreter,pair1,before,17,146695000
wave2,method-call-monomorphic,interpreter,pair1,before,18,148604083
wave2,method-call-monomorphic,interpreter,pair1,before,19,146963916
wave2,method-call-monomorphic,interpreter,pair2,after,0,149974167
wave2,method-call-monomorphic,interpreter,pair2,after,1,147590875
wave2,method-call-monomorphic,interpreter,pair2,after,2,147866875
wave2,method-call-monomorphic,interpreter,pair2,after,3,148840625
wave2,method-call-monomorphic,interpreter,pair2,after,4,147442833
wave2,method-call-monomorphic,interpreter,pair2,after,5,147655584
wave2,method-call-monomorphic,interpreter,pair2,after,6,147260167
wave2,method-call-monomorphic,interpreter,pair2,after,7,147289375
wave2,method-call-monomorphic,interpreter,pair2,after,8,147220583
wave2,method-call-monomorphic,interpreter,pair2,after,9,147854500
wave2,method-call-monomorphic,interpreter,pair2,after,10,147487083
wave2,method-call-monomorphic,interpreter,pair2,after,11,147449083
wave2,method-call-monomorphic,interpreter,pair2,after,12,147282500
wave2,method-call-monomorphic,interpreter,pair2,after,13,147510000
wave2,method-call-monomorphic,interpreter,pair2,after,14,147639500
wave2,method-call-monomorphic,interpreter,pair2,after,15,148091250
wave2,method-call-monomorphic,interpreter,pair2,after,16,147746541
wave2,method-call-monomorphic,interpreter,pair2,after,17,148520292
wave2,method-call-monomorphic,interpreter,pair2,after,18,147497333
wave2,method-call-monomorphic,interpreter,pair2,after,19,147213958
wave2,method-call-monomorphic,interpreter,pair2,before,0,147185750
wave2,method-call-monomorphic,interpreter,pair2,before,1,147897958
wave2,method-call-monomorphic,interpreter,pair2,before,2,146957583
wave2,method-call-monomorphic,interpreter,pair2,before,3,147189833
wave2,method-call-monomorphic,interpreter,pair2,before,4,146935708
wave2,method-call-monomorphic,interpreter,pair2,before,5,147117916
wave2,method-call-monomorphic,interpreter,pair2,before,6,150403834
wave2,method-call-monomorphic,interpreter,pair2,before,7,147224792
wave2,method-call-monomorphic,interpreter,pair2,before,8,147384750
wave2,method-call-monomorphic,interpreter,pair2,before,9,146916459
wave2,method-call-monomorphic,interpreter,pair2,before,10,147003417
wave2,method-call-monomorphic,interpreter,pair2,before,11,146996291
wave2,method-call-monomorphic,interpreter,pair2,before,12,147594625
wave2,method-call-monomorphic,interpreter,pair2,before,13,147103000
wave2,method-call-monomorphic,interpreter,pair2,before,14,146869500
wave2,method-call-monomorphic,interpreter,pair2,before,15,148239417
wave2,method-call-monomorphic,interpreter,pair2,before,16,146990333
wave2,method-call-monomorphic,interpreter,pair2,before,17,147110000
wave2,method-call-monomorphic,interpreter,pair2,before,18,147160500
wave2,method-call-monomorphic,interpreter,pair2,before,19,147340250
wave2,method-call-monomorphic,interpreter,pair3,after,0,147339583
wave2,method-call-monomorphic,interpreter,pair3,after,1,147529083
wave2,method-call-monomorphic,interpreter,pair3,after,2,147129791
wave2,method-call-monomorphic,interpreter,pair3,after,3,147617166
wave2,method-call-monomorphic,interpreter,pair3,after,4,147568500
wave2,method-call-monomorphic,interpreter,pair3,after,5,148261125
wave2,method-call-monomorphic,interpreter,pair3,after,6,150627416
wave2,method-call-monomorphic,interpreter,pair3,after,7,147481708
wave2,method-call-monomorphic,interpreter,pair3,after,8,147076000
wave2,method-call-monomorphic,interpreter,pair3,after,9,147405334
wave2,method-call-monomorphic,interpreter,pair3,after,10,147655375
wave2,method-call-monomorphic,interpreter,pair3,after,11,148765167
wave2,method-call-monomorphic,interpreter,pair3,after,12,149495667
wave2,method-call-monomorphic,interpreter,pair3,after,13,150983333
wave2,method-call-monomorphic,interpreter,pair3,after,14,147304625
wave2,method-call-monomorphic,interpreter,pair3,after,15,146943875
wave2,method-call-monomorphic,interpreter,pair3,after,16,147509334
wave2,method-call-monomorphic,interpreter,pair3,after,17,148003375
wave2,method-call-monomorphic,interpreter,pair3,after,18,149329083
wave2,method-call-monomorphic,interpreter,pair3,after,19,149308500
wave2,method-call-monomorphic,interpreter,pair3,before,0,147338916
wave2,method-call-monomorphic,interpreter,pair3,before,1,147216584
wave2,method-call-monomorphic,interpreter,pair3,before,2,150776000
wave2,method-call-monomorphic,interpreter,pair3,before,3,146487542
wave2,method-call-monomorphic,interpreter,pair3,before,4,147168375
wave2,method-call-monomorphic,interpreter,pair3,before,5,146876417
wave2,method-call-monomorphic,interpreter,pair3,before,6,146907417
wave2,method-call-monomorphic,interpreter,pair3,before,7,146894875
wave2,method-call-monomorphic,interpreter,pair3,before,8,147098625
wave2,method-call-monomorphic,interpreter,pair3,before,9,147069458
wave2,method-call-monomorphic,interpreter,pair3,before,10,148674000
wave2,method-call-monomorphic,interpreter,pair3,before,11,146757959
wave2,method-call-monomorphic,interpreter,pair3,before,12,149743041
wave2,method-call-monomorphic,interpreter,pair3,before,13,149289333
wave2,method-call-monomorphic,interpreter,pair3,before,14,147186416
wave2,method-call-monomorphic,interpreter,pair3,before,15,147232084
wave2,method-call-monomorphic,interpreter,pair3,before,16,147188625
wave2,method-call-monomorphic,interpreter,pair3,before,17,147053292
wave2,method-call-monomorphic,interpreter,pair3,before,18,146898167
wave2,method-call-monomorphic,interpreter,pair3,before,19,147725541
wave2,method-call-monomorphic,production-tiered,pair1,after,0,4648750
wave2,method-call-monomorphic,production-tiered,pair1,after,1,4693458
wave2,method-call-monomorphic,production-tiered,pair1,after,2,4710500
wave2,method-call-monomorphic,production-tiered,pair1,after,3,4733000
wave2,method-call-monomorphic,production-tiered,pair1,after,4,4645208
wave2,method-call-monomorphic,production-tiered,pair1,after,5,4665375
wave2,method-call-monomorphic,production-tiered,pair1,after,6,4656000
wave2,method-call-monomorphic,production-tiered,pair1,after,7,4645875
wave2,method-call-monomorphic,production-tiered,pair1,after,8,4655125
wave2,method-call-monomorphic,production-tiered,pair1,after,9,4650125
wave2,method-call-monomorphic,production-tiered,pair1,after,10,4642708
wave2,method-call-monomorphic,production-tiered,pair1,after,11,4676625
wave2,method-call-monomorphic,production-tiered,pair1,after,12,4648417
wave2,method-call-monomorphic,production-tiered,pair1,after,13,4689875
wave2,method-call-monomorphic,production-tiered,pair1,after,14,4643834
wave2,method-call-monomorphic,production-tiered,pair1,after,15,4661917
wave2,method-call-monomorphic,production-tiered,pair1,after,16,4712208
wave2,method-call-monomorphic,production-tiered,pair1,after,17,4646750
wave2,method-call-monomorphic,production-tiered,pair1,after,18,4653083
wave2,method-call-monomorphic,production-tiered,pair1,after,19,4654083
wave2,method-call-monomorphic,production-tiered,pair1,before,0,4956459
wave2,method-call-monomorphic,production-tiered,pair1,before,1,4906958
wave2,method-call-monomorphic,production-tiered,pair1,before,2,4812250
wave2,method-call-monomorphic,production-tiered,pair1,before,3,4661875
wave2,method-call-monomorphic,production-tiered,pair1,before,4,4642292
wave2,method-call-monomorphic,production-tiered,pair1,before,5,4638500
wave2,method-call-monomorphic,production-tiered,pair1,before,6,4649167
wave2,method-call-monomorphic,production-tiered,pair1,before,7,4642417
wave2,method-call-monomorphic,production-tiered,pair1,before,8,4646042
wave2,method-call-monomorphic,production-tiered,pair1,before,9,4650708
wave2,method-call-monomorphic,production-tiered,pair1,before,10,4651416
wave2,method-call-monomorphic,production-tiered,pair1,before,11,4645667
wave2,method-call-monomorphic,production-tiered,pair1,before,12,4644125
wave2,method-call-monomorphic,production-tiered,pair1,before,13,4647333
wave2,method-call-monomorphic,production-tiered,pair1,before,14,4648500
wave2,method-call-monomorphic,production-tiered,pair1,before,15,4697833
wave2,method-call-monomorphic,production-tiered,pair1,before,16,4653291
wave2,method-call-monomorphic,production-tiered,pair1,before,17,4643750
wave2,method-call-monomorphic,production-tiered,pair1,before,18,4643917
wave2,method-call-monomorphic,production-tiered,pair1,before,19,4646542
wave2,method-call-monomorphic,production-tiered,pair2,after,0,4648292
wave2,method-call-monomorphic,production-tiered,pair2,after,1,4659208
wave2,method-call-monomorphic,production-tiered,pair2,after,2,4652166
wave2,method-call-monomorphic,production-tiered,pair2,after,3,4774875
wave2,method-call-monomorphic,production-tiered,pair2,after,4,4663958
wave2,method-call-monomorphic,production-tiered,pair2,after,5,4677209
wave2,method-call-monomorphic,production-tiered,pair2,after,6,4645292
wave2,method-call-monomorphic,production-tiered,pair2,after,7,4671625
wave2,method-call-monomorphic,production-tiered,pair2,after,8,4641166
wave2,method-call-monomorphic,production-tiered,pair2,after,9,4642666
wave2,method-call-monomorphic,production-tiered,pair2,after,10,4647958
wave2,method-call-monomorphic,production-tiered,pair2,after,11,4642625
wave2,method-call-monomorphic,production-tiered,pair2,after,12,4643250
wave2,method-call-monomorphic,production-tiered,pair2,after,13,4650291
wave2,method-call-monomorphic,production-tiered,pair2,after,14,4645250
wave2,method-call-monomorphic,production-tiered,pair2,after,15,4644750
wave2,method-call-monomorphic,production-tiered,pair2,after,16,4702084
wave2,method-call-monomorphic,production-tiered,pair2,after,17,4643125
wave2,method-call-monomorphic,production-tiered,pair2,after,18,4668667
wave2,method-call-monomorphic,production-tiered,pair2,after,19,4641167
wave2,method-call-monomorphic,production-tiered,pair2,before,0,4632125
wave2,method-call-monomorphic,production-tiered,pair2,before,1,4707833
wave2,method-call-monomorphic,production-tiered,pair2,before,2,4715291
wave2,method-call-monomorphic,production-tiered,pair2,before,3,4646834
wave2,method-call-monomorphic,production-tiered,pair2,before,4,4639625
wave2,method-call-monomorphic,production-tiered,pair2,before,5,4644167
wave2,method-call-monomorphic,production-tiered,pair2,before,6,4642833
wave2,method-call-monomorphic,production-tiered,pair2,before,7,4637208
wave2,method-call-monomorphic,production-tiered,pair2,before,8,4642667
wave2,method-call-monomorphic,production-tiered,pair2,before,9,4637417
wave2,method-call-monomorphic,production-tiered,pair2,before,10,4642125
wave2,method-call-monomorphic,production-tiered,pair2,before,11,4641916
wave2,method-call-monomorphic,production-tiered,pair2,before,12,4722500
wave2,method-call-monomorphic,production-tiered,pair2,before,13,4652750
wave2,method-call-monomorphic,production-tiered,pair2,before,14,4643709
wave2,method-call-monomorphic,production-tiered,pair2,before,15,4644792
wave2,method-call-monomorphic,production-tiered,pair2,before,16,4641750
wave2,method-call-monomorphic,production-tiered,pair2,before,17,4643583
wave2,method-call-monomorphic,production-tiered,pair2,before,18,4740459
wave2,method-call-monomorphic,production-tiered,pair2,before,19,4644875
wave2,method-call-monomorphic,production-tiered,pair3,after,0,4637875
wave2,method-call-monomorphic,production-tiered,pair3,after,1,4661375
wave2,method-call-monomorphic,production-tiered,pair3,after,2,4759083
wave2,method-call-monomorphic,production-tiered,pair3,after,3,4653916
wave2,method-call-monomorphic,production-tiered,pair3,after,4,4663167
wave2,method-call-monomorphic,production-tiered,pair3,after,5,4638750
wave2,method-call-monomorphic,production-tiered,pair3,after,6,4669209
wave2,method-call-monomorphic,production-tiered,pair3,after,7,4641792
wave2,method-call-monomorphic,production-tiered,pair3,after,8,4641208
wave2,method-call-monomorphic,production-tiered,pair3,after,9,4652625
wave2,method-call-monomorphic,production-tiered,pair3,after,10,4674583
wave2,method-call-monomorphic,production-tiered,pair3,after,11,4650417
wave2,method-call-monomorphic,production-tiered,pair3,after,12,4665542
wave2,method-call-monomorphic,production-tiered,pair3,after,13,4648542
wave2,method-call-monomorphic,production-tiered,pair3,after,14,4642458
wave2,method-call-monomorphic,production-tiered,pair3,after,15,4704333
wave2,method-call-monomorphic,production-tiered,pair3,after,16,4646125
wave2,method-call-monomorphic,production-tiered,pair3,after,17,4667791
wave2,method-call-monomorphic,production-tiered,pair3,after,18,4643042
wave2,method-call-monomorphic,production-tiered,pair3,after,19,4647833
wave2,method-call-monomorphic,production-tiered,pair3,before,0,4658792
wave2,method-call-monomorphic,production-tiered,pair3,before,1,4666875
wave2,method-call-monomorphic,production-tiered,pair3,before,2,4646541
wave2,method-call-monomorphic,production-tiered,pair3,before,3,4648792
wave2,method-call-monomorphic,production-tiered,pair3,before,4,4643167
wave2,method-call-monomorphic,production-tiered,pair3,before,5,4643375
wave2,method-call-monomorphic,production-tiered,pair3,before,6,4648500
wave2,method-call-monomorphic,production-tiered,pair3,before,7,4652833
wave2,method-call-monomorphic,production-tiered,pair3,before,8,4651500
wave2,method-call-monomorphic,production-tiered,pair3,before,9,4653750
wave2,method-call-monomorphic,production-tiered,pair3,before,10,4664500
wave2,method-call-monomorphic,production-tiered,pair3,before,11,4704625
wave2,method-call-monomorphic,production-tiered,pair3,before,12,4651750
wave2,method-call-monomorphic,production-tiered,pair3,before,13,4641750
wave2,method-call-monomorphic,production-tiered,pair3,before,14,4641875
wave2,method-call-monomorphic,production-tiered,pair3,before,15,4638792
wave2,method-call-monomorphic,production-tiered,pair3,before,16,4644083
wave2,method-call-monomorphic,production-tiered,pair3,before,17,4642917
wave2,method-call-monomorphic,production-tiered,pair3,before,18,4646166
wave2,method-call-monomorphic,production-tiered,pair3,before,19,4644958
wave2,method-call-monomorphic,template,pair1,after,0,8152167
wave2,method-call-monomorphic,template,pair1,after,1,7979000
wave2,method-call-monomorphic,template,pair1,after,2,7983542
wave2,method-call-monomorphic,template,pair1,after,3,7996709
wave2,method-call-monomorphic,template,pair1,after,4,7979167
wave2,method-call-monomorphic,template,pair1,after,5,7992000
wave2,method-call-monomorphic,template,pair1,after,6,8054375
wave2,method-call-monomorphic,template,pair1,after,7,7980208
wave2,method-call-monomorphic,template,pair1,after,8,8087083
wave2,method-call-monomorphic,template,pair1,after,9,8132166
wave2,method-call-monomorphic,template,pair1,after,10,8527000
wave2,method-call-monomorphic,template,pair1,after,11,8126459
wave2,method-call-monomorphic,template,pair1,after,12,8122625
wave2,method-call-monomorphic,template,pair1,after,13,8183458
wave2,method-call-monomorphic,template,pair1,after,14,8041708
wave2,method-call-monomorphic,template,pair1,after,15,8016417
wave2,method-call-monomorphic,template,pair1,after,16,8000042
wave2,method-call-monomorphic,template,pair1,after,17,7983542
wave2,method-call-monomorphic,template,pair1,after,18,7971625
wave2,method-call-monomorphic,template,pair1,after,19,7978958
wave2,method-call-monomorphic,template,pair1,before,0,7967791
wave2,method-call-monomorphic,template,pair1,before,1,7967916
wave2,method-call-monomorphic,template,pair1,before,2,7974209
wave2,method-call-monomorphic,template,pair1,before,3,7958791
wave2,method-call-monomorphic,template,pair1,before,4,8000000
wave2,method-call-monomorphic,template,pair1,before,5,7965083
wave2,method-call-monomorphic,template,pair1,before,6,7968709
wave2,method-call-monomorphic,template,pair1,before,7,8011709
wave2,method-call-monomorphic,template,pair1,before,8,7986084
wave2,method-call-monomorphic,template,pair1,before,9,8009667
wave2,method-call-monomorphic,template,pair1,before,10,8041000
wave2,method-call-monomorphic,template,pair1,before,11,7974542
wave2,method-call-monomorphic,template,pair1,before,12,7965834
wave2,method-call-monomorphic,template,pair1,before,13,7990625
wave2,method-call-monomorphic,template,pair1,before,14,7963333
wave2,method-call-monomorphic,template,pair1,before,15,7970875
wave2,method-call-monomorphic,template,pair1,before,16,7965958
wave2,method-call-monomorphic,template,pair1,before,17,7970042
wave2,method-call-monomorphic,template,pair1,before,18,8025084
wave2,method-call-monomorphic,template,pair1,before,19,7973250
wave2,method-call-monomorphic,template,pair2,after,0,8014125
wave2,method-call-monomorphic,template,pair2,after,1,7973167
wave2,method-call-monomorphic,template,pair2,after,2,8027458
wave2,method-call-monomorphic,template,pair2,after,3,7969083
wave2,method-call-monomorphic,template,pair2,after,4,8005375
wave2,method-call-monomorphic,template,pair2,after,5,7960209
wave2,method-call-monomorphic,template,pair2,after,6,7991500
wave2,method-call-monomorphic,template,pair2,after,7,8262834
wave2,method-call-monomorphic,template,pair2,after,8,8413041
wave2,method-call-monomorphic,template,pair2,after,9,8165500
wave2,method-call-monomorphic,template,pair2,after,10,8000083
wave2,method-call-monomorphic,template,pair2,after,11,7966333
wave2,method-call-monomorphic,template,pair2,after,12,7981166
wave2,method-call-monomorphic,template,pair2,after,13,7985417
wave2,method-call-monomorphic,template,pair2,after,14,8035959
wave2,method-call-monomorphic,template,pair2,after,15,7970917
wave2,method-call-monomorphic,template,pair2,after,16,8151291
wave2,method-call-monomorphic,template,pair2,after,17,8075542
wave2,method-call-monomorphic,template,pair2,after,18,8157750
wave2,method-call-monomorphic,template,pair2,after,19,7994625
wave2,method-call-monomorphic,template,pair2,before,0,7963000
wave2,method-call-monomorphic,template,pair2,before,1,7999542
wave2,method-call-monomorphic,template,pair2,before,2,7962916
wave2,method-call-monomorphic,template,pair2,before,3,7995958
wave2,method-call-monomorphic,template,pair2,before,4,8055834
wave2,method-call-monomorphic,template,pair2,before,5,8047250
wave2,method-call-monomorphic,template,pair2,before,6,7982917
wave2,method-call-monomorphic,template,pair2,before,7,7967541
wave2,method-call-monomorphic,template,pair2,before,8,7967459
wave2,method-call-monomorphic,template,pair2,before,9,8090792
wave2,method-call-monomorphic,template,pair2,before,10,7974958
wave2,method-call-monomorphic,template,pair2,before,11,8014125
wave2,method-call-monomorphic,template,pair2,before,12,8173666
wave2,method-call-monomorphic,template,pair2,before,13,7992750
wave2,method-call-monomorphic,template,pair2,before,14,8007667
wave2,method-call-monomorphic,template,pair2,before,15,7969417
wave2,method-call-monomorphic,template,pair2,before,16,7956417
wave2,method-call-monomorphic,template,pair2,before,17,8066416
wave2,method-call-monomorphic,template,pair2,before,18,8150167
wave2,method-call-monomorphic,template,pair2,before,19,7976792
wave2,method-call-monomorphic,template,pair3,after,0,7984958
wave2,method-call-monomorphic,template,pair3,after,1,7968042
wave2,method-call-monomorphic,template,pair3,after,2,7992458
wave2,method-call-monomorphic,template,pair3,after,3,8011583
wave2,method-call-monomorphic,template,pair3,after,4,7979833
wave2,method-call-monomorphic,template,pair3,after,5,7970875
wave2,method-call-monomorphic,template,pair3,after,6,8021375
wave2,method-call-monomorphic,template,pair3,after,7,8012167
wave2,method-call-monomorphic,template,pair3,after,8,8015833
wave2,method-call-monomorphic,template,pair3,after,9,8001875
wave2,method-call-monomorphic,template,pair3,after,10,7975042
wave2,method-call-monomorphic,template,pair3,after,11,7972000
wave2,method-call-monomorphic,template,pair3,after,12,7956417
wave2,method-call-monomorphic,template,pair3,after,13,7977666
wave2,method-call-monomorphic,template,pair3,after,14,8119000
wave2,method-call-monomorphic,template,pair3,after,15,8102875
wave2,method-call-monomorphic,template,pair3,after,16,8159625
wave2,method-call-monomorphic,template,pair3,after,17,8017292
wave2,method-call-monomorphic,template,pair3,after,18,7976459
wave2,method-call-monomorphic,template,pair3,after,19,7967625
wave2,method-call-monomorphic,template,pair3,before,0,7963584
wave2,method-call-monomorphic,template,pair3,before,1,7970959
wave2,method-call-monomorphic,template,pair3,before,2,8045666
wave2,method-call-monomorphic,template,pair3,before,3,7974833
wave2,method-call-monomorphic,template,pair3,before,4,7975625
wave2,method-call-monomorphic,template,pair3,before,5,8022833
wave2,method-call-monomorphic,template,pair3,before,6,8035667
wave2,method-call-monomorphic,template,pair3,before,7,7978125
wave2,method-call-monomorphic,template,pair3,before,8,8003375
wave2,method-call-monomorphic,template,pair3,before,9,7970542
wave2,method-call-monomorphic,template,pair3,before,10,7990500
wave2,method-call-monomorphic,template,pair3,before,11,7969875
wave2,method-call-monomorphic,template,pair3,before,12,7962917
wave2,method-call-monomorphic,template,pair3,before,13,7977292
wave2,method-call-monomorphic,template,pair3,before,14,7968666
wave2,method-call-monomorphic,template,pair3,before,15,8026417
wave2,method-call-monomorphic,template,pair3,before,16,7966375
wave2,method-call-monomorphic,template,pair3,before,17,7967750
wave2,method-call-monomorphic,template,pair3,before,18,8015875
wave2,method-call-monomorphic,template,pair3,before,19,7970708
wave2,property-polymorphic,interpreter,pair1,after,0,136876000
wave2,property-polymorphic,interpreter,pair1,after,1,136797917
wave2,property-polymorphic,interpreter,pair1,after,2,136344625
wave2,property-polymorphic,interpreter,pair1,after,3,136611875
wave2,property-polymorphic,interpreter,pair1,after,4,136636292
wave2,property-polymorphic,interpreter,pair1,after,5,137008208
wave2,property-polymorphic,interpreter,pair1,after,6,136592208
wave2,property-polymorphic,interpreter,pair1,after,7,136484583
wave2,property-polymorphic,interpreter,pair1,after,8,137335042
wave2,property-polymorphic,interpreter,pair1,after,9,136197458
wave2,property-polymorphic,interpreter,pair1,after,10,137426375
wave2,property-polymorphic,interpreter,pair1,after,11,138781083
wave2,property-polymorphic,interpreter,pair1,after,12,139119417
wave2,property-polymorphic,interpreter,pair1,after,13,136593833
wave2,property-polymorphic,interpreter,pair1,after,14,136343042
wave2,property-polymorphic,interpreter,pair1,after,15,136998083
wave2,property-polymorphic,interpreter,pair1,after,16,136588667
wave2,property-polymorphic,interpreter,pair1,after,17,136245709
wave2,property-polymorphic,interpreter,pair1,after,18,135937292
wave2,property-polymorphic,interpreter,pair1,after,19,137037833
wave2,property-polymorphic,interpreter,pair1,before,0,138277084
wave2,property-polymorphic,interpreter,pair1,before,1,136325791
wave2,property-polymorphic,interpreter,pair1,before,2,136659125
wave2,property-polymorphic,interpreter,pair1,before,3,135793875
wave2,property-polymorphic,interpreter,pair1,before,4,136716750
wave2,property-polymorphic,interpreter,pair1,before,5,136401666
wave2,property-polymorphic,interpreter,pair1,before,6,135867375
wave2,property-polymorphic,interpreter,pair1,before,7,136356875
wave2,property-polymorphic,interpreter,pair1,before,8,139261291
wave2,property-polymorphic,interpreter,pair1,before,9,136245208
wave2,property-polymorphic,interpreter,pair1,before,10,135956916
wave2,property-polymorphic,interpreter,pair1,before,11,136554417
wave2,property-polymorphic,interpreter,pair1,before,12,136127375
wave2,property-polymorphic,interpreter,pair1,before,13,136416250
wave2,property-polymorphic,interpreter,pair1,before,14,136476791
wave2,property-polymorphic,interpreter,pair1,before,15,135923917
wave2,property-polymorphic,interpreter,pair1,before,16,135905209
wave2,property-polymorphic,interpreter,pair1,before,17,137011167
wave2,property-polymorphic,interpreter,pair1,before,18,135437167
wave2,property-polymorphic,interpreter,pair1,before,19,135671166
wave2,property-polymorphic,interpreter,pair2,after,0,137393958
wave2,property-polymorphic,interpreter,pair2,after,1,136689958
wave2,property-polymorphic,interpreter,pair2,after,2,136933708
wave2,property-polymorphic,interpreter,pair2,after,3,137041500
wave2,property-polymorphic,interpreter,pair2,after,4,140557125
wave2,property-polymorphic,interpreter,pair2,after,5,136566250
wave2,property-polymorphic,interpreter,pair2,after,6,137406833
wave2,property-polymorphic,interpreter,pair2,after,7,137703542
wave2,property-polymorphic,interpreter,pair2,after,8,137099417
wave2,property-polymorphic,interpreter,pair2,after,9,136632500
wave2,property-polymorphic,interpreter,pair2,after,10,137326667
wave2,property-polymorphic,interpreter,pair2,after,11,136812541
wave2,property-polymorphic,interpreter,pair2,after,12,137956834
wave2,property-polymorphic,interpreter,pair2,after,13,136901500
wave2,property-polymorphic,interpreter,pair2,after,14,136185416
wave2,property-polymorphic,interpreter,pair2,after,15,136864250
wave2,property-polymorphic,interpreter,pair2,after,16,136281792
wave2,property-polymorphic,interpreter,pair2,after,17,137124083
wave2,property-polymorphic,interpreter,pair2,after,18,136229375
wave2,property-polymorphic,interpreter,pair2,after,19,136223166
wave2,property-polymorphic,interpreter,pair2,before,0,137281833
wave2,property-polymorphic,interpreter,pair2,before,1,136189500
wave2,property-polymorphic,interpreter,pair2,before,2,136194542
wave2,property-polymorphic,interpreter,pair2,before,3,136942666
wave2,property-polymorphic,interpreter,pair2,before,4,135971458
wave2,property-polymorphic,interpreter,pair2,before,5,136000708
wave2,property-polymorphic,interpreter,pair2,before,6,139190833
wave2,property-polymorphic,interpreter,pair2,before,7,136930125
wave2,property-polymorphic,interpreter,pair2,before,8,137300208
wave2,property-polymorphic,interpreter,pair2,before,9,135875250
wave2,property-polymorphic,interpreter,pair2,before,10,136351333
wave2,property-polymorphic,interpreter,pair2,before,11,139668625
wave2,property-polymorphic,interpreter,pair2,before,12,137098125
wave2,property-polymorphic,interpreter,pair2,before,13,136867250
wave2,property-polymorphic,interpreter,pair2,before,14,136159625
wave2,property-polymorphic,interpreter,pair2,before,15,135791417
wave2,property-polymorphic,interpreter,pair2,before,16,136304500
wave2,property-polymorphic,interpreter,pair2,before,17,136052625
wave2,property-polymorphic,interpreter,pair2,before,18,136068541
wave2,property-polymorphic,interpreter,pair2,before,19,136633333
wave2,property-polymorphic,interpreter,pair3,after,0,137503959
wave2,property-polymorphic,interpreter,pair3,after,1,137124667
wave2,property-polymorphic,interpreter,pair3,after,2,135883583
wave2,property-polymorphic,interpreter,pair3,after,3,135866042
wave2,property-polymorphic,interpreter,pair3,after,4,137108750
wave2,property-polymorphic,interpreter,pair3,after,5,137923666
wave2,property-polymorphic,interpreter,pair3,after,6,136905375
wave2,property-polymorphic,interpreter,pair3,after,7,136337666
wave2,property-polymorphic,interpreter,pair3,after,8,138637542
wave2,property-polymorphic,interpreter,pair3,after,9,136664833
wave2,property-polymorphic,interpreter,pair3,after,10,136343208
wave2,property-polymorphic,interpreter,pair3,after,11,135495625
wave2,property-polymorphic,interpreter,pair3,after,12,137712375
wave2,property-polymorphic,interpreter,pair3,after,13,137661458
wave2,property-polymorphic,interpreter,pair3,after,14,136584375
wave2,property-polymorphic,interpreter,pair3,after,15,136117458
wave2,property-polymorphic,interpreter,pair3,after,16,136187792
wave2,property-polymorphic,interpreter,pair3,after,17,136280167
wave2,property-polymorphic,interpreter,pair3,after,18,136135750
wave2,property-polymorphic,interpreter,pair3,after,19,136482709
wave2,property-polymorphic,interpreter,pair3,before,0,139891084
wave2,property-polymorphic,interpreter,pair3,before,1,136752083
wave2,property-polymorphic,interpreter,pair3,before,2,136978291
wave2,property-polymorphic,interpreter,pair3,before,3,136977333
wave2,property-polymorphic,interpreter,pair3,before,4,135999083
wave2,property-polymorphic,interpreter,pair3,before,5,136375583
wave2,property-polymorphic,interpreter,pair3,before,6,136858458
wave2,property-polymorphic,interpreter,pair3,before,7,137362500
wave2,property-polymorphic,interpreter,pair3,before,8,136812625
wave2,property-polymorphic,interpreter,pair3,before,9,136456375
wave2,property-polymorphic,interpreter,pair3,before,10,136236375
wave2,property-polymorphic,interpreter,pair3,before,11,136767750
wave2,property-polymorphic,interpreter,pair3,before,12,136805583
wave2,property-polymorphic,interpreter,pair3,before,13,136340083
wave2,property-polymorphic,interpreter,pair3,before,14,136784208
wave2,property-polymorphic,interpreter,pair3,before,15,137085666
wave2,property-polymorphic,interpreter,pair3,before,16,136304083
wave2,property-polymorphic,interpreter,pair3,before,17,135918375
wave2,property-polymorphic,interpreter,pair3,before,18,140306125
wave2,property-polymorphic,interpreter,pair3,before,19,136330416
wave2,property-polymorphic,production-tiered,pair1,after,0,9653166
wave2,property-polymorphic,production-tiered,pair1,after,1,9641541
wave2,property-polymorphic,production-tiered,pair1,after,2,9636834
wave2,property-polymorphic,production-tiered,pair1,after,3,9638250
wave2,property-polymorphic,production-tiered,pair1,after,4,9969500
wave2,property-polymorphic,production-tiered,pair1,after,5,9670042
wave2,property-polymorphic,production-tiered,pair1,after,6,9737334
wave2,property-polymorphic,production-tiered,pair1,after,7,9830167
wave2,property-polymorphic,production-tiered,pair1,after,8,9950959
wave2,property-polymorphic,production-tiered,pair1,after,9,9847583
wave2,property-polymorphic,production-tiered,pair1,after,10,9655166
wave2,property-polymorphic,production-tiered,pair1,after,11,9647292
wave2,property-polymorphic,production-tiered,pair1,after,12,9658666
wave2,property-polymorphic,production-tiered,pair1,after,13,9645250
wave2,property-polymorphic,production-tiered,pair1,after,14,9652333
wave2,property-polymorphic,production-tiered,pair1,after,15,9713958
wave2,property-polymorphic,production-tiered,pair1,after,16,9661708
wave2,property-polymorphic,production-tiered,pair1,after,17,9692583
wave2,property-polymorphic,production-tiered,pair1,after,18,9753667
wave2,property-polymorphic,production-tiered,pair1,after,19,9752083
wave2,property-polymorphic,production-tiered,pair1,before,0,12055541
wave2,property-polymorphic,production-tiered,pair1,before,1,12040500
wave2,property-polymorphic,production-tiered,pair1,before,2,12120917
wave2,property-polymorphic,production-tiered,pair1,before,3,12498000
wave2,property-polymorphic,production-tiered,pair1,before,4,12635500
wave2,property-polymorphic,production-tiered,pair1,before,5,12493333
wave2,property-polymorphic,production-tiered,pair1,before,6,12654250
wave2,property-polymorphic,production-tiered,pair1,before,7,12697792
wave2,property-polymorphic,production-tiered,pair1,before,8,12335875
wave2,property-polymorphic,production-tiered,pair1,before,9,12122584
wave2,property-polymorphic,production-tiered,pair1,before,10,12049583
wave2,property-polymorphic,production-tiered,pair1,before,11,12091209
wave2,property-polymorphic,production-tiered,pair1,before,12,12077917
wave2,property-polymorphic,production-tiered,pair1,before,13,12135334
wave2,property-polymorphic,production-tiered,pair1,before,14,12054750
wave2,property-polymorphic,production-tiered,pair1,before,15,12045250
wave2,property-polymorphic,production-tiered,pair1,before,16,12053709
wave2,property-polymorphic,production-tiered,pair1,before,17,12055167
wave2,property-polymorphic,production-tiered,pair1,before,18,12044584
wave2,property-polymorphic,production-tiered,pair1,before,19,12056958
wave2,property-polymorphic,production-tiered,pair2,after,0,9639167
wave2,property-polymorphic,production-tiered,pair2,after,1,9640625
wave2,property-polymorphic,production-tiered,pair2,after,2,9632500
wave2,property-polymorphic,production-tiered,pair2,after,3,9639000
wave2,property-polymorphic,production-tiered,pair2,after,4,9641500
wave2,property-polymorphic,production-tiered,pair2,after,5,9681667
wave2,property-polymorphic,production-tiered,pair2,after,6,9647917
wave2,property-polymorphic,production-tiered,pair2,after,7,9743667
wave2,property-polymorphic,production-tiered,pair2,after,8,9645541
wave2,property-polymorphic,production-tiered,pair2,after,9,9632833
wave2,property-polymorphic,production-tiered,pair2,after,10,9733375
wave2,property-polymorphic,production-tiered,pair2,after,11,9785083
wave2,property-polymorphic,production-tiered,pair2,after,12,9643375
wave2,property-polymorphic,production-tiered,pair2,after,13,9646750
wave2,property-polymorphic,production-tiered,pair2,after,14,9779500
wave2,property-polymorphic,production-tiered,pair2,after,15,9654292
wave2,property-polymorphic,production-tiered,pair2,after,16,9721625
wave2,property-polymorphic,production-tiered,pair2,after,17,9694708
wave2,property-polymorphic,production-tiered,pair2,after,18,9736583
wave2,property-polymorphic,production-tiered,pair2,after,19,9646875
wave2,property-polymorphic,production-tiered,pair2,before,0,12114042
wave2,property-polymorphic,production-tiered,pair2,before,1,12079083
wave2,property-polymorphic,production-tiered,pair2,before,2,12100208
wave2,property-polymorphic,production-tiered,pair2,before,3,12083333
wave2,property-polymorphic,production-tiered,pair2,before,4,12090625
wave2,property-polymorphic,production-tiered,pair2,before,5,12056375
wave2,property-polymorphic,production-tiered,pair2,before,6,12220291
wave2,property-polymorphic,production-tiered,pair2,before,7,12434625
wave2,property-polymorphic,production-tiered,pair2,before,8,12150625
wave2,property-polymorphic,production-tiered,pair2,before,9,12120750
wave2,property-polymorphic,production-tiered,pair2,before,10,12452750
wave2,property-polymorphic,production-tiered,pair2,before,11,12065458
wave2,property-polymorphic,production-tiered,pair2,before,12,12060208
wave2,property-polymorphic,production-tiered,pair2,before,13,12159291
wave2,property-polymorphic,production-tiered,pair2,before,14,12593542
wave2,property-polymorphic,production-tiered,pair2,before,15,12475666
wave2,property-polymorphic,production-tiered,pair2,before,16,12053916
wave2,property-polymorphic,production-tiered,pair2,before,17,12084083
wave2,property-polymorphic,production-tiered,pair2,before,18,12189792
wave2,property-polymorphic,production-tiered,pair2,before,19,12268708
wave2,property-polymorphic,production-tiered,pair3,after,0,9701041
wave2,property-polymorphic,production-tiered,pair3,after,1,9775625
wave2,property-polymorphic,production-tiered,pair3,after,2,9737542
wave2,property-polymorphic,production-tiered,pair3,after,3,9801208
wave2,property-polymorphic,production-tiered,pair3,after,4,9710791
wave2,property-polymorphic,production-tiered,pair3,after,5,9697083
wave2,property-polymorphic,production-tiered,pair3,after,6,10064791
wave2,property-polymorphic,production-tiered,pair3,after,7,9812541
wave2,property-polymorphic,production-tiered,pair3,after,8,9667667
wave2,property-polymorphic,production-tiered,pair3,after,9,9648583
wave2,property-polymorphic,production-tiered,pair3,after,10,9654791
wave2,property-polymorphic,production-tiered,pair3,after,11,9663875
wave2,property-polymorphic,production-tiered,pair3,after,12,9650375
wave2,property-polymorphic,production-tiered,pair3,after,13,9841334
wave2,property-polymorphic,production-tiered,pair3,after,14,9866625
wave2,property-polymorphic,production-tiered,pair3,after,15,9675041
wave2,property-polymorphic,production-tiered,pair3,after,16,9646250
wave2,property-polymorphic,production-tiered,pair3,after,17,9688750
wave2,property-polymorphic,production-tiered,pair3,after,18,9645167
wave2,property-polymorphic,production-tiered,pair3,after,19,9800208
wave2,property-polymorphic,production-tiered,pair3,before,0,12133625
wave2,property-polymorphic,production-tiered,pair3,before,1,12228958
wave2,property-polymorphic,production-tiered,pair3,before,2,12089875
wave2,property-polymorphic,production-tiered,pair3,before,3,12047167
wave2,property-polymorphic,production-tiered,pair3,before,4,12042250
wave2,property-polymorphic,production-tiered,pair3,before,5,12044250
wave2,property-polymorphic,production-tiered,pair3,before,6,12168958
wave2,property-polymorphic,production-tiered,pair3,before,7,12058875
wave2,property-polymorphic,production-tiered,pair3,before,8,12039833
wave2,property-polymorphic,production-tiered,pair3,before,9,12045625
wave2,property-polymorphic,production-tiered,pair3,before,10,12102125
wave2,property-polymorphic,production-tiered,pair3,before,11,12082709
wave2,property-polymorphic,production-tiered,pair3,before,12,12076333
wave2,property-polymorphic,production-tiered,pair3,before,13,12195458
wave2,property-polymorphic,production-tiered,pair3,before,14,12070250
wave2,property-polymorphic,production-tiered,pair3,before,15,12046000
wave2,property-polymorphic,production-tiered,pair3,before,16,12064000
wave2,property-polymorphic,production-tiered,pair3,before,17,12116500
wave2,property-polymorphic,production-tiered,pair3,before,18,12045750
wave2,property-polymorphic,production-tiered,pair3,before,19,12094000
wave2,property-polymorphic,template,pair1,after,0,86678542
wave2,property-polymorphic,template,pair1,after,1,84628542
wave2,property-polymorphic,template,pair1,after,2,81880541
wave2,property-polymorphic,template,pair1,after,3,114224250
wave2,property-polymorphic,template,pair1,after,4,115511083
wave2,property-polymorphic,template,pair1,after,5,89339292
wave2,property-polymorphic,template,pair1,after,6,82975667
wave2,property-polymorphic,template,pair1,after,7,84029500
wave2,property-polymorphic,template,pair1,after,8,81561792
wave2,property-polymorphic,template,pair1,after,9,83450917
wave2,property-polymorphic,template,pair1,after,10,86845750
wave2,property-polymorphic,template,pair1,after,11,82780458
wave2,property-polymorphic,template,pair1,after,12,78837667
wave2,property-polymorphic,template,pair1,after,13,78753750
wave2,property-polymorphic,template,pair1,after,14,78269417
wave2,property-polymorphic,template,pair1,after,15,77197250
wave2,property-polymorphic,template,pair1,after,16,78056292
wave2,property-polymorphic,template,pair1,after,17,78106708
wave2,property-polymorphic,template,pair1,after,18,78520916
wave2,property-polymorphic,template,pair1,after,19,76708916
wave2,property-polymorphic,template,pair1,before,0,76928541
wave2,property-polymorphic,template,pair1,before,1,77105208
wave2,property-polymorphic,template,pair1,before,2,77589458
wave2,property-polymorphic,template,pair1,before,3,77875167
wave2,property-polymorphic,template,pair1,before,4,77095208
wave2,property-polymorphic,template,pair1,before,5,77790667
wave2,property-polymorphic,template,pair1,before,6,76705541
wave2,property-polymorphic,template,pair1,before,7,76304125
wave2,property-polymorphic,template,pair1,before,8,76935167
wave2,property-polymorphic,template,pair1,before,9,77087750
wave2,property-polymorphic,template,pair1,before,10,76241125
wave2,property-polymorphic,template,pair1,before,11,76722166
wave2,property-polymorphic,template,pair1,before,12,76020416
wave2,property-polymorphic,template,pair1,before,13,76293500
wave2,property-polymorphic,template,pair1,before,14,77211125
wave2,property-polymorphic,template,pair1,before,15,77440291
wave2,property-polymorphic,template,pair1,before,16,76530500
wave2,property-polymorphic,template,pair1,before,17,76946167
wave2,property-polymorphic,template,pair1,before,18,76993084
wave2,property-polymorphic,template,pair1,before,19,76882292
wave2,property-polymorphic,template,pair2,after,0,89678542
wave2,property-polymorphic,template,pair2,after,1,90140958
wave2,property-polymorphic,template,pair2,after,2,90745084
wave2,property-polymorphic,template,pair2,after,3,90684417
wave2,property-polymorphic,template,pair2,after,4,89812000
wave2,property-polymorphic,template,pair2,after,5,89714417
wave2,property-polymorphic,template,pair2,after,6,90350916
wave2,property-polymorphic,template,pair2,after,7,90132125
wave2,property-polymorphic,template,pair2,after,8,89897875
wave2,property-polymorphic,template,pair2,after,9,90146500
wave2,property-polymorphic,template,pair2,after,10,89938333
wave2,property-polymorphic,template,pair2,after,11,89573500
wave2,property-polymorphic,template,pair2,after,12,90144042
wave2,property-polymorphic,template,pair2,after,13,90731750
wave2,property-polymorphic,template,pair2,after,14,90513666
wave2,property-polymorphic,template,pair2,after,15,90018208
wave2,property-polymorphic,template,pair2,after,16,89873250
wave2,property-polymorphic,template,pair2,after,17,89938458
wave2,property-polymorphic,template,pair2,after,18,90154792
wave2,property-polymorphic,template,pair2,after,19,91177250
wave2,property-polymorphic,template,pair2,before,0,80524541
wave2,property-polymorphic,template,pair2,before,1,77190708
wave2,property-polymorphic,template,pair2,before,2,78098375
wave2,property-polymorphic,template,pair2,before,3,78800458
wave2,property-polymorphic,template,pair2,before,4,78129084
wave2,property-polymorphic,template,pair2,before,5,77179500
wave2,property-polymorphic,template,pair2,before,6,77269959
wave2,property-polymorphic,template,pair2,before,7,78097583
wave2,property-polymorphic,template,pair2,before,8,77685750
wave2,property-polymorphic,template,pair2,before,9,77203459
wave2,property-polymorphic,template,pair2,before,10,76039208
wave2,property-polymorphic,template,pair2,before,11,77161792
wave2,property-polymorphic,template,pair2,before,12,76507750
wave2,property-polymorphic,template,pair2,before,13,77094083
wave2,property-polymorphic,template,pair2,before,14,90386708
wave2,property-polymorphic,template,pair2,before,15,79944375
wave2,property-polymorphic,template,pair2,before,16,78192375
wave2,property-polymorphic,template,pair2,before,17,78507750
wave2,property-polymorphic,template,pair2,before,18,77713750
wave2,property-polymorphic,template,pair2,before,19,78439625
wave2,property-polymorphic,template,pair3,after,0,82530917
wave2,property-polymorphic,template,pair3,after,1,85901125
wave2,property-polymorphic,template,pair3,after,2,82273417
wave2,property-polymorphic,template,pair3,after,3,80949708
wave2,property-polymorphic,template,pair3,after,4,79886416
wave2,property-polymorphic,template,pair3,after,5,82820791
wave2,property-polymorphic,template,pair3,after,6,93531917
wave2,property-polymorphic,template,pair3,after,7,87805750
wave2,property-polymorphic,template,pair3,after,8,80504833
wave2,property-polymorphic,template,pair3,after,9,80896125
wave2,property-polymorphic,template,pair3,after,10,102859250
wave2,property-polymorphic,template,pair3,after,11,102207958
wave2,property-polymorphic,template,pair3,after,12,102095750
wave2,property-polymorphic,template,pair3,after,13,81405292
wave2,property-polymorphic,template,pair3,after,14,79089583
wave2,property-polymorphic,template,pair3,after,15,76228625
wave2,property-polymorphic,template,pair3,after,16,78520667
wave2,property-polymorphic,template,pair3,after,17,77774750
wave2,property-polymorphic,template,pair3,after,18,76719709
wave2,property-polymorphic,template,pair3,after,19,78171542
wave2,property-polymorphic,template,pair3,before,0,82327792
wave2,property-polymorphic,template,pair3,before,1,84707792
wave2,property-polymorphic,template,pair3,before,2,77059792
wave2,property-polymorphic,template,pair3,before,3,81223500
wave2,property-polymorphic,template,pair3,before,4,82077916
wave2,property-polymorphic,template,pair3,before,5,78360292
wave2,property-polymorphic,template,pair3,before,6,77230708
wave2,property-polymorphic,template,pair3,before,7,76972041
wave2,property-polymorphic,template,pair3,before,8,91657000
wave2,property-polymorphic,template,pair3,before,9,100457667
wave2,property-polymorphic,template,pair3,before,10,78362833
wave2,property-polymorphic,template,pair3,before,11,77155166
wave2,property-polymorphic,template,pair3,before,12,76581292
wave2,property-polymorphic,template,pair3,before,13,77825750
wave2,property-polymorphic,template,pair3,before,14,76892375
wave2,property-polymorphic,template,pair3,before,15,76695708
wave2,property-polymorphic,template,pair3,before,16,77214208
wave2,property-polymorphic,template,pair3,before,17,77076959
wave2,property-polymorphic,template,pair3,before,18,76761083
wave2,property-polymorphic,template,pair3,before,19,76147333
wave2,string-concat,interpreter,pair1,after,0,44703875
wave2,string-concat,interpreter,pair1,after,1,43702000
wave2,string-concat,interpreter,pair1,after,2,43552250
wave2,string-concat,interpreter,pair1,after,3,43541250
wave2,string-concat,interpreter,pair1,after,4,44145083
wave2,string-concat,interpreter,pair1,after,5,48111958
wave2,string-concat,interpreter,pair1,after,6,43564958
wave2,string-concat,interpreter,pair1,after,7,43860209
wave2,string-concat,interpreter,pair1,after,8,43702000
wave2,string-concat,interpreter,pair1,after,9,43587084
wave2,string-concat,interpreter,pair1,after,10,43504250
wave2,string-concat,interpreter,pair1,after,11,44043042
wave2,string-concat,interpreter,pair1,after,12,48308750
wave2,string-concat,interpreter,pair1,after,13,43356958
wave2,string-concat,interpreter,pair1,after,14,43498834
wave2,string-concat,interpreter,pair1,after,15,43126042
wave2,string-concat,interpreter,pair1,after,16,43468083
wave2,string-concat,interpreter,pair1,after,17,42931375
wave2,string-concat,interpreter,pair1,after,18,43428417
wave2,string-concat,interpreter,pair1,after,19,48397208
wave2,string-concat,interpreter,pair1,before,0,44139583
wave2,string-concat,interpreter,pair1,before,1,44382417
wave2,string-concat,interpreter,pair1,before,2,44088541
wave2,string-concat,interpreter,pair1,before,3,44117375
wave2,string-concat,interpreter,pair1,before,4,43994042
wave2,string-concat,interpreter,pair1,before,5,49317417
wave2,string-concat,interpreter,pair1,before,6,44085458
wave2,string-concat,interpreter,pair1,before,7,43623166
wave2,string-concat,interpreter,pair1,before,8,44437667
wave2,string-concat,interpreter,pair1,before,9,43712833
wave2,string-concat,interpreter,pair1,before,10,43972250
wave2,string-concat,interpreter,pair1,before,11,44841666
wave2,string-concat,interpreter,pair1,before,12,49131208
wave2,string-concat,interpreter,pair1,before,13,43804625
wave2,string-concat,interpreter,pair1,before,14,43834250
wave2,string-concat,interpreter,pair1,before,15,45179167
wave2,string-concat,interpreter,pair1,before,16,44035500
wave2,string-concat,interpreter,pair1,before,17,44487000
wave2,string-concat,interpreter,pair1,before,18,43981500
wave2,string-concat,interpreter,pair1,before,19,49357250
wave2,string-concat,interpreter,pair2,after,0,43360417
wave2,string-concat,interpreter,pair2,after,1,43714667
wave2,string-concat,interpreter,pair2,after,2,43387208
wave2,string-concat,interpreter,pair2,after,3,43737792
wave2,string-concat,interpreter,pair2,after,4,51605458
wave2,string-concat,interpreter,pair2,after,5,48626209
wave2,string-concat,interpreter,pair2,after,6,43495542
wave2,string-concat,interpreter,pair2,after,7,43375125
wave2,string-concat,interpreter,pair2,after,8,43931667
wave2,string-concat,interpreter,pair2,after,9,44183625
wave2,string-concat,interpreter,pair2,after,10,43015583
wave2,string-concat,interpreter,pair2,after,11,43759084
wave2,string-concat,interpreter,pair2,after,12,48045125
wave2,string-concat,interpreter,pair2,after,13,45727917
wave2,string-concat,interpreter,pair2,after,14,43269666
wave2,string-concat,interpreter,pair2,after,15,43246917
wave2,string-concat,interpreter,pair2,after,16,43417292
wave2,string-concat,interpreter,pair2,after,17,45874875
wave2,string-concat,interpreter,pair2,after,18,43914917
wave2,string-concat,interpreter,pair2,after,19,48632125
wave2,string-concat,interpreter,pair2,before,0,46009167
wave2,string-concat,interpreter,pair2,before,1,45952834
wave2,string-concat,interpreter,pair2,before,2,45051000
wave2,string-concat,interpreter,pair2,before,3,45591375
wave2,string-concat,interpreter,pair2,before,4,45180416
wave2,string-concat,interpreter,pair2,before,5,50227292
wave2,string-concat,interpreter,pair2,before,6,44078125
wave2,string-concat,interpreter,pair2,before,7,43967084
wave2,string-concat,interpreter,pair2,before,8,44035292
wave2,string-concat,interpreter,pair2,before,9,43875875
wave2,string-concat,interpreter,pair2,before,10,43915208
wave2,string-concat,interpreter,pair2,before,11,44981583
wave2,string-concat,interpreter,pair2,before,12,49641458
wave2,string-concat,interpreter,pair2,before,13,44551458
wave2,string-concat,interpreter,pair2,before,14,43415791
wave2,string-concat,interpreter,pair2,before,15,44110375
wave2,string-concat,interpreter,pair2,before,16,44083333
wave2,string-concat,interpreter,pair2,before,17,43735834
wave2,string-concat,interpreter,pair2,before,18,43680667
wave2,string-concat,interpreter,pair2,before,19,49356750
wave2,string-concat,interpreter,pair3,after,0,44369084
wave2,string-concat,interpreter,pair3,after,1,43380833
wave2,string-concat,interpreter,pair3,after,2,43683250
wave2,string-concat,interpreter,pair3,after,3,43895500
wave2,string-concat,interpreter,pair3,after,4,43685417
wave2,string-concat,interpreter,pair3,after,5,48526917
wave2,string-concat,interpreter,pair3,after,6,45256916
wave2,string-concat,interpreter,pair3,after,7,43797583
wave2,string-concat,interpreter,pair3,after,8,44108625
wave2,string-concat,interpreter,pair3,after,9,43864459
wave2,string-concat,interpreter,pair3,after,10,43627000
wave2,string-concat,interpreter,pair3,after,11,43700917
wave2,string-concat,interpreter,pair3,after,12,48329542
wave2,string-concat,interpreter,pair3,after,13,43757333
wave2,string-concat,interpreter,pair3,after,14,43884334
wave2,string-concat,interpreter,pair3,after,15,44438333
wave2,string-concat,interpreter,pair3,after,16,43476166
wave2,string-concat,interpreter,pair3,after,17,43368750
wave2,string-concat,interpreter,pair3,after,18,43592666
wave2,string-concat,interpreter,pair3,after,19,48122917
wave2,string-concat,interpreter,pair3,before,0,43863709
wave2,string-concat,interpreter,pair3,before,1,43751125
wave2,string-concat,interpreter,pair3,before,2,44585167
wave2,string-concat,interpreter,pair3,before,3,43760791
wave2,string-concat,interpreter,pair3,before,4,43442833
wave2,string-concat,interpreter,pair3,before,5,49653792
wave2,string-concat,interpreter,pair3,before,6,44311250
wave2,string-concat,interpreter,pair3,before,7,43918791
wave2,string-concat,interpreter,pair3,before,8,44553875
wave2,string-concat,interpreter,pair3,before,9,44224375
wave2,string-concat,interpreter,pair3,before,10,43888666
wave2,string-concat,interpreter,pair3,before,11,44300625
wave2,string-concat,interpreter,pair3,before,12,48699000
wave2,string-concat,interpreter,pair3,before,13,44074875
wave2,string-concat,interpreter,pair3,before,14,43445042
wave2,string-concat,interpreter,pair3,before,15,43669334
wave2,string-concat,interpreter,pair3,before,16,44520333
wave2,string-concat,interpreter,pair3,before,17,44273833
wave2,string-concat,interpreter,pair3,before,18,44608208
wave2,string-concat,interpreter,pair3,before,19,49274166
wave2,string-concat,production-tiered,pair1,after,0,13316250
wave2,string-concat,production-tiered,pair1,after,1,12424834
wave2,string-concat,production-tiered,pair1,after,2,13344500
wave2,string-concat,production-tiered,pair1,after,3,13291250
wave2,string-concat,production-tiered,pair1,after,4,12428666
wave2,string-concat,production-tiered,pair1,after,5,13288583
wave2,string-concat,production-tiered,pair1,after,6,13339083
wave2,string-concat,production-tiered,pair1,after,7,12472291
wave2,string-concat,production-tiered,pair1,after,8,13355291
wave2,string-concat,production-tiered,pair1,after,9,13452334
wave2,string-concat,production-tiered,pair1,after,10,12433833
wave2,string-concat,production-tiered,pair1,after,11,13308375
wave2,string-concat,production-tiered,pair1,after,12,13266375
wave2,string-concat,production-tiered,pair1,after,13,12547417
wave2,string-concat,production-tiered,pair1,after,14,13398125
wave2,string-concat,production-tiered,pair1,after,15,13677416
wave2,string-concat,production-tiered,pair1,after,16,12780417
wave2,string-concat,production-tiered,pair1,after,17,13353791
wave2,string-concat,production-tiered,pair1,after,18,13321166
wave2,string-concat,production-tiered,pair1,after,19,12471083
wave2,string-concat,production-tiered,pair1,before,0,14810084
wave2,string-concat,production-tiered,pair1,before,1,12437167
wave2,string-concat,production-tiered,pair1,before,2,14522625
wave2,string-concat,production-tiered,pair1,before,3,14574792
wave2,string-concat,production-tiered,pair1,before,4,12446584
wave2,string-concat,production-tiered,pair1,before,5,14704916
wave2,string-concat,production-tiered,pair1,before,6,14959375
wave2,string-concat,production-tiered,pair1,before,7,12573541
wave2,string-concat,production-tiered,pair1,before,8,15268375
wave2,string-concat,production-tiered,pair1,before,9,14729833
wave2,string-concat,production-tiered,pair1,before,10,12570792
wave2,string-concat,production-tiered,pair1,before,11,14804541
wave2,string-concat,production-tiered,pair1,before,12,14752583
wave2,string-concat,production-tiered,pair1,before,13,12623459
wave2,string-concat,production-tiered,pair1,before,14,14793917
wave2,string-concat,production-tiered,pair1,before,15,15040541
wave2,string-concat,production-tiered,pair1,before,16,12513625
wave2,string-concat,production-tiered,pair1,before,17,14654542
wave2,string-concat,production-tiered,pair1,before,18,14766875
wave2,string-concat,production-tiered,pair1,before,19,12654209
wave2,string-concat,production-tiered,pair2,after,0,13282042
wave2,string-concat,production-tiered,pair2,after,1,12463583
wave2,string-concat,production-tiered,pair2,after,2,13270375
wave2,string-concat,production-tiered,pair2,after,3,13428208
wave2,string-concat,production-tiered,pair2,after,4,12540416
wave2,string-concat,production-tiered,pair2,after,5,13325083
wave2,string-concat,production-tiered,pair2,after,6,13315042
wave2,string-concat,production-tiered,pair2,after,7,12422750
wave2,string-concat,production-tiered,pair2,after,8,13299708
wave2,string-concat,production-tiered,pair2,after,9,13510458
wave2,string-concat,production-tiered,pair2,after,10,12628542
wave2,string-concat,production-tiered,pair2,after,11,13397541
wave2,string-concat,production-tiered,pair2,after,12,13369375
wave2,string-concat,production-tiered,pair2,after,13,12597000
wave2,string-concat,production-tiered,pair2,after,14,13340417
wave2,string-concat,production-tiered,pair2,after,15,13294333
wave2,string-concat,production-tiered,pair2,after,16,12502458
wave2,string-concat,production-tiered,pair2,after,17,13337416
wave2,string-concat,production-tiered,pair2,after,18,13611208
wave2,string-concat,production-tiered,pair2,after,19,12437666
wave2,string-concat,production-tiered,pair2,before,0,14577875
wave2,string-concat,production-tiered,pair2,before,1,12385375
wave2,string-concat,production-tiered,pair2,before,2,14499208
wave2,string-concat,production-tiered,pair2,before,3,14653791
wave2,string-concat,production-tiered,pair2,before,4,12444042
wave2,string-concat,production-tiered,pair2,before,5,14680125
wave2,string-concat,production-tiered,pair2,before,6,14571792
wave2,string-concat,production-tiered,pair2,before,7,12400708
wave2,string-concat,production-tiered,pair2,before,8,14597625
wave2,string-concat,production-tiered,pair2,before,9,14741250
wave2,string-concat,production-tiered,pair2,before,10,12421375
wave2,string-concat,production-tiered,pair2,before,11,15148542
wave2,string-concat,production-tiered,pair2,before,12,14871709
wave2,string-concat,production-tiered,pair2,before,13,12433250
wave2,string-concat,production-tiered,pair2,before,14,14696250
wave2,string-concat,production-tiered,pair2,before,15,14629750
wave2,string-concat,production-tiered,pair2,before,16,12396917
wave2,string-concat,production-tiered,pair2,before,17,14839084
wave2,string-concat,production-tiered,pair2,before,18,14880959
wave2,string-concat,production-tiered,pair2,before,19,12442417
wave2,string-concat,production-tiered,pair3,after,0,13773291
wave2,string-concat,production-tiered,pair3,after,1,12619750
wave2,string-concat,production-tiered,pair3,after,2,13546416
wave2,string-concat,production-tiered,pair3,after,3,13567500
wave2,string-concat,production-tiered,pair3,after,4,12816542
wave2,string-concat,production-tiered,pair3,after,5,13682625
wave2,string-concat,production-tiered,pair3,after,6,13768166
wave2,string-concat,production-tiered,pair3,after,7,12686416
wave2,string-concat,production-tiered,pair3,after,8,13534917
wave2,string-concat,production-tiered,pair3,after,9,13536625
wave2,string-concat,production-tiered,pair3,after,10,12716208
wave2,string-concat,production-tiered,pair3,after,11,14070583
wave2,string-concat,production-tiered,pair3,after,12,13363709
wave2,string-concat,production-tiered,pair3,after,13,12502375
wave2,string-concat,production-tiered,pair3,after,14,13559375
wave2,string-concat,production-tiered,pair3,after,15,13431084
wave2,string-concat,production-tiered,pair3,after,16,12567417
wave2,string-concat,production-tiered,pair3,after,17,13320125
wave2,string-concat,production-tiered,pair3,after,18,13317375
wave2,string-concat,production-tiered,pair3,after,19,12459084
wave2,string-concat,production-tiered,pair3,before,0,15768541
wave2,string-concat,production-tiered,pair3,before,1,13160083
wave2,string-concat,production-tiered,pair3,before,2,14801750
wave2,string-concat,production-tiered,pair3,before,3,14508375
wave2,string-concat,production-tiered,pair3,before,4,12439125
wave2,string-concat,production-tiered,pair3,before,5,14505166
wave2,string-concat,production-tiered,pair3,before,6,14477000
wave2,string-concat,production-tiered,pair3,before,7,12625750
wave2,string-concat,production-tiered,pair3,before,8,14941333
wave2,string-concat,production-tiered,pair3,before,9,15192875
wave2,string-concat,production-tiered,pair3,before,10,12427167
wave2,string-concat,production-tiered,pair3,before,11,14623041
wave2,string-concat,production-tiered,pair3,before,12,14753292
wave2,string-concat,production-tiered,pair3,before,13,12433041
wave2,string-concat,production-tiered,pair3,before,14,14579459
wave2,string-concat,production-tiered,pair3,before,15,15095208
wave2,string-concat,production-tiered,pair3,before,16,12492417
wave2,string-concat,production-tiered,pair3,before,17,14787458
wave2,string-concat,production-tiered,pair3,before,18,14694042
wave2,string-concat,production-tiered,pair3,before,19,12591083
wave2,string-concat,template,pair1,after,0,13326750
wave2,string-concat,template,pair1,after,1,12715750
wave2,string-concat,template,pair1,after,2,13313334
wave2,string-concat,template,pair1,after,3,13414292
wave2,string-concat,template,pair1,after,4,12465500
wave2,string-concat,template,pair1,after,5,13293833
wave2,string-concat,template,pair1,after,6,13341750
wave2,string-concat,template,pair1,after,7,12534833
wave2,string-concat,template,pair1,after,8,13331917
wave2,string-concat,template,pair1,after,9,13407750
wave2,string-concat,template,pair1,after,10,12381625
wave2,string-concat,template,pair1,after,11,13298417
wave2,string-concat,template,pair1,after,12,13286375
wave2,string-concat,template,pair1,after,13,12563042
wave2,string-concat,template,pair1,after,14,13498417
wave2,string-concat,template,pair1,after,15,13534541
wave2,string-concat,template,pair1,after,16,12442125
wave2,string-concat,template,pair1,after,17,13323125
wave2,string-concat,template,pair1,after,18,13302916
wave2,string-concat,template,pair1,after,19,12461917
wave2,string-concat,template,pair1,before,0,14499750
wave2,string-concat,template,pair1,before,1,12389334
wave2,string-concat,template,pair1,before,2,14578417
wave2,string-concat,template,pair1,before,3,14537083
wave2,string-concat,template,pair1,before,4,12457458
wave2,string-concat,template,pair1,before,5,14617458
wave2,string-concat,template,pair1,before,6,14558875
wave2,string-concat,template,pair1,before,7,12492250
wave2,string-concat,template,pair1,before,8,14660333
wave2,string-concat,template,pair1,before,9,14788125
wave2,string-concat,template,pair1,before,10,12430625
wave2,string-concat,template,pair1,before,11,15056583
wave2,string-concat,template,pair1,before,12,14742042
wave2,string-concat,template,pair1,before,13,12432416
wave2,string-concat,template,pair1,before,14,14716458
wave2,string-concat,template,pair1,before,15,14771625
wave2,string-concat,template,pair1,before,16,12470250
wave2,string-concat,template,pair1,before,17,14693292
wave2,string-concat,template,pair1,before,18,14564333
wave2,string-concat,template,pair1,before,19,12459667
wave2,string-concat,template,pair2,after,0,13400416
wave2,string-concat,template,pair2,after,1,12405958
wave2,string-concat,template,pair2,after,2,13358916
wave2,string-concat,template,pair2,after,3,13289417
wave2,string-concat,template,pair2,after,4,12434625
wave2,string-concat,template,pair2,after,5,13477166
wave2,string-concat,template,pair2,after,6,13574084
wave2,string-concat,template,pair2,after,7,12592583
wave2,string-concat,template,pair2,after,8,13545000
wave2,string-concat,template,pair2,after,9,13559209
wave2,string-concat,template,pair2,after,10,12663791
wave2,string-concat,template,pair2,after,11,13542083
wave2,string-concat,template,pair2,after,12,13564584
wave2,string-concat,template,pair2,after,13,12588375
wave2,string-concat,template,pair2,after,14,13526166
wave2,string-concat,template,pair2,after,15,13537208
wave2,string-concat,template,pair2,after,16,12638167
wave2,string-concat,template,pair2,after,17,13377208
wave2,string-concat,template,pair2,after,18,13346125
wave2,string-concat,template,pair2,after,19,12430000
wave2,string-concat,template,pair2,before,0,15452208
wave2,string-concat,template,pair2,before,1,12927708
wave2,string-concat,template,pair2,before,2,17969792
wave2,string-concat,template,pair2,before,3,14500167
wave2,string-concat,template,pair2,before,4,12442709
wave2,string-concat,template,pair2,before,5,14451000
wave2,string-concat,template,pair2,before,6,14547417
wave2,string-concat,template,pair2,before,7,12413500
wave2,string-concat,template,pair2,before,8,14681208
wave2,string-concat,template,pair2,before,9,15081834
wave2,string-concat,template,pair2,before,10,12693667
wave2,string-concat,template,pair2,before,11,14633958
wave2,string-concat,template,pair2,before,12,14574083
wave2,string-concat,template,pair2,before,13,12378375
wave2,string-concat,template,pair2,before,14,14826834
wave2,string-concat,template,pair2,before,15,14731459
wave2,string-concat,template,pair2,before,16,12362917
wave2,string-concat,template,pair2,before,17,14622083
wave2,string-concat,template,pair2,before,18,14601083
wave2,string-concat,template,pair2,before,19,12420750
wave2,string-concat,template,pair3,after,0,13541208
wave2,string-concat,template,pair3,after,1,16407042
wave2,string-concat,template,pair3,after,2,14075625
wave2,string-concat,template,pair3,after,3,13807959
wave2,string-concat,template,pair3,after,4,12890584
wave2,string-concat,template,pair3,after,5,13343834
wave2,string-concat,template,pair3,after,6,13256709
wave2,string-concat,template,pair3,after,7,12464125
wave2,string-concat,template,pair3,after,8,13226209
wave2,string-concat,template,pair3,after,9,13559000
wave2,string-concat,template,pair3,after,10,12463833
wave2,string-concat,template,pair3,after,11,13360875
wave2,string-concat,template,pair3,after,12,13284708
wave2,string-concat,template,pair3,after,13,12721625
wave2,string-concat,template,pair3,after,14,13749916
wave2,string-concat,template,pair3,after,15,13664750
wave2,string-concat,template,pair3,after,16,12387250
wave2,string-concat,template,pair3,after,17,13445250
wave2,string-concat,template,pair3,after,18,13996000
wave2,string-concat,template,pair3,after,19,15535584
wave2,string-concat,template,pair3,before,0,14438125
wave2,string-concat,template,pair3,before,1,12638792
wave2,string-concat,template,pair3,before,2,14414125
wave2,string-concat,template,pair3,before,3,14882042
wave2,string-concat,template,pair3,before,4,12404750
wave2,string-concat,template,pair3,before,5,14746709
wave2,string-concat,template,pair3,before,6,14592792
wave2,string-concat,template,pair3,before,7,12508042
wave2,string-concat,template,pair3,before,8,14555125
wave2,string-concat,template,pair3,before,9,14456125
wave2,string-concat,template,pair3,before,10,12628292
wave2,string-concat,template,pair3,before,11,14679375
wave2,string-concat,template,pair3,before,12,14898375
wave2,string-concat,template,pair3,before,13,12617750
wave2,string-concat,template,pair3,before,14,14582125
wave2,string-concat,template,pair3,before,15,14590375
wave2,string-concat,template,pair3,before,16,12390916
wave2,string-concat,template,pair3,before,17,14505417
wave2,string-concat,template,pair3,before,18,14588875
wave2,string-concat,template,pair3,before,19,12508459
